detected_at,issue,date,code,low_old,high_old,low_new,high_new
2026-09-10T06:14:13+00:00,1447,2026-08-31,2,243,247,248,252
2026-09-10T06:14:13+00:00,1447,2026-08-31,3,3,3,,
2026-09-10T06:14:13+00:00,1447,2026-08-31,4,230,233,235,238
2026-09-10T06:14:13+00:00,1447,2026-08-31,5,225,227,230,232
2026-09-10T06:14:13+00:00,1447,2026-08-31,7,335,336,339,340
2026-09-10T06:14:13+00:00,1447,2026-08-31,8,344,345,349,350
2026-09-10T06:14:13+00:00,1447,2026-08-31,10,236,238,243,245
2026-09-10T06:14:13+00:00,1447,2026-08-31,11,180,190,195,205
2026-09-10T06:14:13+00:00,1447,2026-08-31,13,258,260,268,270
2026-09-10T06:14:13+00:00,1447,2026-08-31,14,237,238,252,253
2026-09-10T06:14:13+00:00,1447,2026-08-31,15,263,265,273,275
2026-09-10T06:14:13+00:00,1447,2026-08-31,16,256,260,270,272
2026-09-10T06:14:13+00:00,1447,2026-08-31,19,200,203,205,208
2026-09-10T06:14:13+00:00,1447,2026-08-31,20,205,208,210,213
2026-09-10T06:14:13+00:00,1447,2026-08-31,21,220,225,225,230
2026-09-10T06:14:13+00:00,1447,2026-08-31,23,460,465,465,470
2026-09-10T06:14:13+00:00,1447,2026-08-31,24,445,450,450,455
2026-09-10T06:14:13+00:00,1447,2026-08-31,37,151,152,153,154
2026-09-10T06:14:13+00:00,1447,2026-08-31,38,151,152,153,154
2026-09-10T06:14:13+00:00,1447,2026-08-31,39,400,402,405,407
2026-09-10T06:14:13+00:00,1447,2026-08-31,41,760,770,770,780
2026-09-10T06:14:13+00:00,1447,2026-08-31,42,208,210,213,215
2026-09-10T06:14:13+00:00,1447,2026-08-31,47,295,298,302,305
2026-09-10T06:14:13+00:00,1447,2026-08-31,51,350,410,,
2026-09-10T06:14:13+00:00,1447,2026-08-31,63,145,155,150,160
2026-09-10T06:14:13+00:00,1447,2026-08-31,65,180,190,185,195
2026-09-10T06:14:13+00:00,1447,2026-08-31,67,210,220,215,225
2026-09-10T06:14:13+00:00,1447,2026-08-31,71,100,105,105,110
2026-09-10T06:14:13+00:00,1447,2026-08-31,75,472,475,495,498
2026-09-10T06:14:13+00:00,1447,2026-08-31,77,492,499,515,522
2026-09-10T06:14:13+00:00,1447,2026-08-31,86,1420,1425,1440,1445
2026-09-10T06:14:13+00:00,1447,2026-08-31,87,1135,1140,1215,1220
2026-09-10T06:14:13+00:00,1447,2026-08-31,88,1085,1090,1165,1170
2026-09-10T06:14:13+00:00,1447,2026-08-31,89,1790,1800,1830,1840
2026-09-10T06:14:13+00:00,1447,2026-08-31,94,1315,1320,1395,1400
2026-09-10T06:14:13+00:00,1447,2026-08-31,95,1255,1260,1335,1340
2026-09-10T06:14:13+00:00,1447,2026-08-31,103,6.8,8.75,6.75,8.7
2026-09-10T06:14:13+00:00,1447,2026-08-31,104,3.7,4.1,3.6,4
2026-09-10T06:14:13+00:00,1447,2026-08-31,105,3.8,4.4,3.75,4.35
2026-09-10T06:14:13+00:00,1447,2026-08-31,106,3.5,3.6,3.45,3.55
2026-09-10T06:14:13+00:00,1447,2026-08-31,111,300,305,310,315
2026-09-10T06:14:13+00:00,1447,2026-08-31,114,290,292,295,297
2026-09-10T06:14:13+00:00,1447,2026-08-31,117,481,483,508,510
2026-09-10T06:14:13+00:00,1447,2026-08-31,118,391,393,413,415
2026-09-10T06:14:13+00:00,1447,2026-08-31,121,530,532,557,559
2026-09-10T06:14:13+00:00,1447,2026-08-31,122,402,403,424,425
2026-09-10T06:14:13+00:00,1447,2026-08-31,124,382,395,413,422
2026-09-10T06:14:13+00:00,1447,2026-08-31,131,2830,2860,2880,2910
2026-09-10T06:14:13+00:00,1447,2026-08-31,132,610,620,910,920
2026-09-10T06:14:13+00:00,1447,2026-08-31,133,585,590,885,890
2026-09-10T06:14:13+00:00,1447,2026-08-31,134,700,720,900,920
2026-09-10T06:14:13+00:00,1447,2026-08-31,177,28,29,29,30
2026-09-10T06:14:13+00:00,1447,2026-08-31,187,460,480,470,490
2026-09-10T06:14:13+00:00,1447,2026-08-31,188,460,480,480,500
2026-09-10T06:14:13+00:00,1447,2026-08-31,189,330,345,335,350
2026-09-10T06:14:13+00:00,1447,2026-08-31,335,3.8,3.85,3.85,3.9
2026-09-10T06:14:13+00:00,1447,2026-08-31,351,3.35,3.65,3.4,3.7
2026-09-10T06:14:13+00:00,1447,2026-08-31,358,5.9,6.2,6,6.3
2026-09-10T06:14:13+00:00,1447,2026-08-31,363,8,8.4,8.1,8.5
2026-09-10T06:14:13+00:00,1447,2026-08-31,372,6.05,6.35,6.15,6.45
2026-09-10T06:14:13+00:00,1447,2026-08-31,627,0.5,60,0.5,0.6
2026-09-10T06:14:13+00:00,1447,2026-08-31,641,,,0.25,0.3
2026-09-10T06:14:13+00:00,1447,2026-08-31,643,,,0.23,0.27
2026-09-10T06:14:13+00:00,1447,2026-08-31,672,,,295,300
2026-09-10T06:14:13+00:00,1447,2026-08-31,674,1.47,1.51,1.5,1.54
2026-09-10T06:14:13+00:00,1447,2026-08-31,802,2100,2200,2200,2300
2026-09-10T06:14:13+00:00,1447,2026-08-31,803,2000,2100,2100,2200
2026-09-10T06:14:13+00:00,1447,2026-08-31,836,7.05,7.35,7.15,7.45
2026-09-10T06:14:13+00:00,1447,2026-08-31,938,237,240,242,245
2026-09-10T06:14:13+00:00,1447,2026-08-31,994,416,418,438,440
2026-09-10T06:14:13+00:00,1447,2026-08-31,1011,267,270,277,280
2026-09-10T06:14:13+00:00,1447,2026-08-31,1080,0.74,0.8,,0.8
2026-09-10T06:14:13+00:00,1447,2026-08-31,1081,0.9,1,,1
2026-09-10T06:14:13+00:00,1447,2026-08-31,1082,0.7,0.8,,0.8
2026-09-10T06:14:13+00:00,1447,2026-08-31,1083,1.15,1.25,,
2026-09-10T06:14:13+00:00,1447,2026-08-31,1091,1.2,1.4,0.95,1.35
2026-09-10T06:14:13+00:00,1447,2026-08-31,1092,1.2,1.5,0.95,1.45
2026-09-10T06:14:13+00:00,1448,2026-09-07,623,,,0.4,0.5
2026-09-10T06:14:13+00:00,1448,2026-09-07,624,,,0.4,0.5
2026-09-10T06:14:13+00:00,1448,2026-09-07,627,0.5,60,0.5,0.6
2026-09-10T06:14:13+00:00,1448,2026-09-07,630,,,0.4,0.45
2026-09-10T06:14:13+00:00,1448,2026-09-07,631,,,0.55,0.65
2026-09-10T06:14:13+00:00,1448,2026-09-07,640,,,0.4,0.45
2026-09-10T06:14:13+00:00,1448,2026-09-07,642,,,0.25,0.3
2026-09-10T06:14:13+00:00,1448,2026-09-07,722,,,0.3,0.42
2026-09-10T06:14:13+00:00,1448,2026-09-07,724,,,0.3,0.42
2026-09-10T06:14:13+00:00,1448,2026-09-07,1114,,,0.3,0.42
2026-09-10T06:14:13+00:00,1448,2026-09-07,1134,,,1.08,1.15
2026-09-14T21:36:24+00:00,1451,2026-09-14,2,256,260,261,265
2026-09-14T21:36:24+00:00,1451,2026-09-14,4,240,243,243,246
2026-09-14T21:36:24+00:00,1451,2026-09-14,5,235,237,238,240
2026-09-14T21:36:24+00:00,1451,2026-09-14,10,243,245,245,248
2026-09-14T21:36:24+00:00,1451,2026-09-14,11,195,205,,
2026-09-14T21:36:24+00:00,1451,2026-09-14,13,273,275,278,280
2026-09-14T21:36:24+00:00,1451,2026-09-14,14,257,258,260,261
2026-09-14T21:36:24+00:00,1451,2026-09-14,19,210,213,215,218
2026-09-14T21:36:24+00:00,1451,2026-09-14,20,215,218,220,223
2026-09-14T21:36:24+00:00,1451,2026-09-14,21,233,238,235,240
2026-09-14T21:36:24+00:00,1451,2026-09-14,23,475,480,485,490
2026-09-14T21:36:24+00:00,1451,2026-09-14,24,460,465,470,475
2026-09-14T21:36:24+00:00,1451,2026-09-14,25,403,407,413,417
2026-09-14T21:36:24+00:00,1451,2026-09-14,26,399,402,409,412
2026-09-14T21:36:24+00:00,1451,2026-09-14,27,765,780,775,790
2026-09-14T21:36:24+00:00,1451,2026-09-14,28,765,780,775,790
2026-09-14T21:36:24+00:00,1451,2026-09-14,29,765,780,775,790
2026-09-14T21:36:24+00:00,1451,2026-09-14,39,410,412,413,415
2026-09-14T21:36:24+00:00,1451,2026-09-14,42,218,220,215,220
2026-09-14T21:36:24+00:00,1451,2026-09-14,63,155,165,160,170
2026-09-14T21:36:24+00:00,1451,2026-09-14,78,515,520,525,530
2026-09-14T21:36:24+00:00,1451,2026-09-14,80,520,525,535,540
2026-09-14T21:36:24+00:00,1451,2026-09-14,81,360,395,365,400
2026-09-14T21:36:24+00:00,1451,2026-09-14,87,1190,1195,1205,1210
2026-09-14T21:36:24+00:00,1451,2026-09-14,88,1140,1145,1155,1160
2026-09-14T21:36:24+00:00,1451,2026-09-14,89,1815,1825,1825,1835
2026-09-14T21:36:24+00:00,1451,2026-09-14,94,1370,1375,1385,1390
2026-09-14T21:36:24+00:00,1451,2026-09-14,95,1310,1315,1325,1330
2026-09-14T21:36:24+00:00,1451,2026-09-14,101,17,18,,
2026-09-14T21:36:24+00:00,1451,2026-09-14,102,18,19,,
2026-09-14T21:36:24+00:00,1451,2026-09-14,103,6.65,8.6,6.6,8.55
2026-09-14T21:36:24+00:00,1451,2026-09-14,104,3.55,3.95,3.5,3.9
2026-09-14T21:36:24+00:00,1451,2026-09-14,105,3.75,4.35,3.7,4.3
2026-09-14T21:36:24+00:00,1451,2026-09-14,111,315,320,320,325
2026-09-14T21:36:24+00:00,1451,2026-09-14,114,297,299,300,302
2026-09-14T21:36:24+00:00,1451,2026-09-14,124,423,426,424,430
2026-09-14T21:36:24+00:00,1451,2026-09-14,132,1060,1070,1075,1085
2026-09-14T21:36:24+00:00,1451,2026-09-14,133,1035,1040,1050,1055
2026-09-14T21:36:24+00:00,1451,2026-09-14,134,1050,1070,1065,1085
2026-09-14T21:36:24+00:00,1451,2026-09-14,187,450,490,450,480
2026-09-14T21:36:24+00:00,1451,2026-09-14,189,320,340,310,330
2026-09-14T21:36:24+00:00,1451,2026-09-14,341,3.85,3.89,3.9,3.94
2026-09-14T21:36:24+00:00,1451,2026-09-14,342,3.9,3.94,3.95,3.99
2026-09-14T21:36:24+00:00,1451,2026-09-14,344,23.1,23.1,23.2,23.2
2026-09-14T21:36:24+00:00,1451,2026-09-14,345,21.3,21.3,21.4,21.4
2026-09-14T21:36:24+00:00,1451,2026-09-14,346,19.9,19.9,20,20
2026-09-14T21:36:24+00:00,1451,2026-09-14,347,17.9,17.9,18,18
2026-09-14T21:36:24+00:00,1451,2026-09-14,351,3.45,3.75,3.5,3.8
2026-09-14T21:36:24+00:00,1451,2026-09-14,352,5.9,6.1,6,6.2
2026-09-14T21:36:24+00:00,1451,2026-09-14,353,6.5,6.7,6.6,6.8
2026-09-14T21:36:24+00:00,1451,2026-09-14,364,3,3.3,3.05,3.35
2026-09-14T21:36:24+00:00,1451,2026-09-14,372,6.35,6.65,6.55,6.85
2026-09-14T21:36:24+00:00,1451,2026-09-14,635,1.5,1.65,1.55,1.65
2026-09-14T21:36:24+00:00,1451,2026-09-14,672,300,305,305,310
2026-09-14T21:36:24+00:00,1451,2026-09-14,674,1.53,1.57,1.55,1.59
2026-09-14T21:36:24+00:00,1451,2026-09-14,676,3.45,3.75,3.5,3.8
2026-09-14T21:36:24+00:00,1451,2026-09-14,716,25.4,25.4,25.5,25.5
2026-09-14T21:36:24+00:00,1451,2026-09-14,717,23.6,23.6,23.7,23.7
2026-09-14T21:36:24+00:00,1451,2026-09-14,718,22.4,22.4,22.5,22.5
2026-09-14T21:36:24+00:00,1451,2026-09-14,719,19.4,19.4,19.5,19.5
2026-09-14T21:36:24+00:00,1451,2026-09-14,727,,,175,180
2026-09-14T21:36:24+00:00,1451,2026-09-14,835,6.5,6.7,6.6,6.8
2026-09-14T21:36:24+00:00,1451,2026-09-14,936,660,700,650,690
2026-09-14T21:36:24+00:00,1451,2026-09-14,938,250,253,255,258
2026-09-14T21:36:24+00:00,1451,2026-09-14,1001,460,500,470,490
2026-09-14T21:36:24+00:00,1451,2026-09-14,1007,42,47,,
2026-09-14T21:36:24+00:00,1451,2026-09-14,1011,285,288,290,293
2026-09-21T21:47:15+00:00,1453,2026-09-21,4,243,246,245,246
2026-09-21T21:47:15+00:00,1453,2026-09-21,7,341,342,351,352
2026-09-21T21:47:15+00:00,1453,2026-09-21,8,349,350,354,355
2026-09-21T21:47:15+00:00,1453,2026-09-21,10,245,248,249,252
2026-09-21T21:47:15+00:00,1453,2026-09-21,15,283,285,280,285
2026-09-21T21:47:15+00:00,1453,2026-09-21,16,275,277,270,275
2026-09-21T21:47:15+00:00,1453,2026-09-21,27,775,790,785,800
2026-09-21T21:47:15+00:00,1453,2026-09-21,28,775,790,785,800
2026-09-21T21:47:15+00:00,1453,2026-09-21,29,775,790,785,800
2026-09-21T21:47:15+00:00,1453,2026-09-21,30,179,181,184,186
2026-09-21T21:47:15+00:00,1453,2026-09-21,31,183,185,188,190
2026-09-21T21:47:15+00:00,1453,2026-09-21,32,128,130,133,135
2026-09-21T21:47:15+00:00,1453,2026-09-21,33,203,205,208,210
2026-09-21T21:47:15+00:00,1453,2026-09-21,34,143,145,148,150
2026-09-21T21:47:15+00:00,1453,2026-09-21,41,770,780,790,800
2026-09-21T21:47:15+00:00,1453,2026-09-21,47,307,310,320,323
2026-09-21T21:47:15+00:00,1453,2026-09-21,55,440,470,450,480
2026-09-21T21:47:15+00:00,1453,2026-09-21,56,210,220,230,240
2026-09-21T21:47:15+00:00,1453,2026-09-21,58,165,170,175,180
2026-09-21T21:47:15+00:00,1453,2026-09-21,63,160,170,165,175
2026-09-21T21:47:15+00:00,1453,2026-09-21,65,190,200,,
2026-09-21T21:47:15+00:00,1453,2026-09-21,67,220,230,225,235
2026-09-21T21:47:15+00:00,1453,2026-09-21,75,500,503,503,505
2026-09-21T21:47:15+00:00,1453,2026-09-21,77,520,530,523,535
2026-09-21T21:47:15+00:00,1453,2026-09-21,78,525,530,530,535
2026-09-21T21:47:15+00:00,1453,2026-09-21,80,535,540,540,545
2026-09-21T21:47:15+00:00,1453,2026-09-21,86,1440,1445,1450,1455
2026-09-21T21:47:15+00:00,1453,2026-09-21,87,1205,1210,1165,1170
2026-09-21T21:47:15+00:00,1453,2026-09-21,88,1155,1160,1115,1120
2026-09-21T21:47:15+00:00,1453,2026-09-21,92,1470,1475,1480,1485
2026-09-21T21:47:15+00:00,1453,2026-09-21,94,1385,1390,1345,1350
2026-09-21T21:47:15+00:00,1453,2026-09-21,95,1325,1330,1285,1290
2026-09-21T21:47:15+00:00,1453,2026-09-21,103,6.6,8.55,6.55,8.5
2026-09-21T21:47:15+00:00,1453,2026-09-21,104,3.5,3.9,3.45,3.85
2026-09-21T21:47:15+00:00,1453,2026-09-21,105,3.7,4.3,3.65,4.25
2026-09-21T21:47:15+00:00,1453,2026-09-21,106,3.45,3.55,3.4,3.5
2026-09-21T21:47:15+00:00,1453,2026-09-21,111,320,325,,5
2026-09-21T21:47:15+00:00,1453,2026-09-21,117,518,520,535,537
2026-09-21T21:47:15+00:00,1453,2026-09-21,118,423,425,438,440
2026-09-21T21:47:15+00:00,1453,2026-09-21,121,567,569,584,586
2026-09-21T21:47:15+00:00,1453,2026-09-21,122,434,435,449,450
2026-09-21T21:47:15+00:00,1453,2026-09-21,124,424,430,441,447
2026-09-21T21:47:15+00:00,1453,2026-09-21,188,470,500,460,490
2026-09-21T21:47:15+00:00,1453,2026-09-21,189,310,330,300,320
2026-09-21T21:47:15+00:00,1453,2026-09-21,372,6.55,6.85,6.75,7.05
2026-09-21T21:47:15+00:00,1453,2026-09-21,672,305,310,,
2026-09-21T21:47:15+00:00,1453,2026-09-21,803,2050,2150,2100,2200
2026-09-21T21:47:15+00:00,1453,2026-09-21,976,,,0.7,1
2026-09-21T21:47:15+00:00,1453,2026-09-21,977,,,1.7,2
2026-09-21T21:47:15+00:00,1453,2026-09-21,994,448,450,463,465
2026-09-28T23:00:41+00:00,1454,2026-09-28,2,261,265,268,270
2026-09-28T23:00:41+00:00,1454,2026-09-28,4,245,246,249,250
2026-09-28T23:00:41+00:00,1454,2026-09-28,5,238,240,242,244
2026-09-28T23:00:41+00:00,1454,2026-09-28,7,351,352,354,355
2026-09-28T23:00:41+00:00,1454,2026-09-28,8,354,355,359,360
2026-09-28T23:00:41+00:00,1454,2026-09-28,10,249,252,254,255
2026-09-28T23:00:41+00:00,1454,2026-09-28,23,485,490,490,495
2026-09-28T23:00:41+00:00,1454,2026-09-28,24,470,475,475,480
2026-09-28T23:00:41+00:00,1454,2026-09-28,25,413,417,418,422
2026-09-28T23:00:41+00:00,1454,2026-09-28,26,409,412,414,417
2026-09-28T23:00:41+00:00,1454,2026-09-28,30,184,186,189,191
2026-09-28T23:00:41+00:00,1454,2026-09-28,31,188,190,193,195
2026-09-28T23:00:41+00:00,1454,2026-09-28,32,133,135,138,140
2026-09-28T23:00:41+00:00,1454,2026-09-28,33,208,210,213,215
2026-09-28T23:00:41+00:00,1454,2026-09-28,34,148,150,153,155
2026-09-28T23:00:41+00:00,1454,2026-09-28,37,158,159,163,164
2026-09-28T23:00:41+00:00,1454,2026-09-28,38,158,159,163,164
2026-09-28T23:00:41+00:00,1454,2026-09-28,41,790,800,800,810
2026-09-28T23:00:41+00:00,1454,2026-09-28,47,320,323,327,330
2026-09-28T23:00:41+00:00,1454,2026-09-28,53,2080,2080,,
2026-09-28T23:00:41+00:00,1454,2026-09-28,54,1500,1500,,
2026-09-28T23:00:41+00:00,1454,2026-09-28,73,,,503,505
2026-09-28T23:00:41+00:00,1454,2026-09-28,75,503,505,495,500
2026-09-28T23:00:41+00:00,1454,2026-09-28,77,523,535,515,530
2026-09-28T23:00:41+00:00,1454,2026-09-28,80,540,545,535,540
2026-09-28T23:00:41+00:00,1454,2026-09-28,81,365,400,,
2026-09-28T23:00:41+00:00,1454,2026-09-28,86,1450,1455,1470,1475
2026-09-28T23:00:41+00:00,1454,2026-09-28,87,1165,1170,1180,1185
2026-09-28T23:00:41+00:00,1454,2026-09-28,88,1115,1120,1130,1135
2026-09-28T23:00:41+00:00,1454,2026-09-28,89,1825,1835,1835,1845
2026-09-28T23:00:41+00:00,1454,2026-09-28,90,1540,1545,1530,1535
2026-09-28T23:00:41+00:00,1454,2026-09-28,92,1480,1485,1470,1475
2026-09-28T23:00:41+00:00,1454,2026-09-28,94,1345,1350,1360,1365
2026-09-28T23:00:41+00:00,1454,2026-09-28,95,1285,1290,1300,1305
2026-09-28T23:00:41+00:00,1454,2026-09-28,103,6.55,8.5,6.5,8.5
2026-09-28T23:00:41+00:00,1454,2026-09-28,104,3.45,3.85,3.4,3.8
2026-09-28T23:00:41+00:00,1454,2026-09-28,105,3.65,4.25,3.6,4.25
2026-09-28T23:00:41+00:00,1454,2026-09-28,106,3.4,3.5,3.3,3.4
2026-09-28T23:00:41+00:00,1454,2026-09-28,107,1.7,1.9,1.6,1.8
2026-09-28T23:00:41+00:00,1454,2026-09-28,111,,5,,
2026-09-28T23:00:41+00:00,1454,2026-09-28,114,300,302,315,317
2026-09-28T23:00:41+00:00,1454,2026-09-28,117,535,537,540,542
2026-09-28T23:00:41+00:00,1454,2026-09-28,118,438,440,448,450
2026-09-28T23:00:41+00:00,1454,2026-09-28,119,,,5,5
2026-09-28T23:00:41+00:00,1454,2026-09-28,120,,,10,10
2026-09-28T23:00:41+00:00,1454,2026-09-28,121,584,586,589,591
2026-09-28T23:00:41+00:00,1454,2026-09-28,122,449,450,459,460
2026-09-28T23:00:41+00:00,1454,2026-09-28,124,441,447,451,460
2026-09-28T23:00:41+00:00,1454,2026-09-28,132,1075,1085,1090,1100
2026-09-28T23:00:41+00:00,1454,2026-09-28,133,1050,1055,1065,1070
2026-09-28T23:00:41+00:00,1454,2026-09-28,134,1065,1085,1080,1100
2026-09-28T23:00:41+00:00,1454,2026-09-28,187,450,480,465,480
2026-09-28T23:00:41+00:00,1454,2026-09-28,333,3.4,3.5,3.45,3.55
2026-09-28T23:00:41+00:00,1454,2026-09-28,361,6.55,6.85,6.65,6.95
2026-09-28T23:00:41+00:00,1454,2026-09-28,362,7.45,7.75,7.55,7.85
2026-09-28T23:00:41+00:00,1454,2026-09-28,363,8.2,8.6,8.3,8.7
2026-09-28T23:00:41+00:00,1454,2026-09-28,372,6.75,7.05,7,7.3
2026-09-28T23:00:41+00:00,1454,2026-09-28,802,2150,2250,2100,2200
2026-09-28T23:00:41+00:00,1454,2026-09-28,803,2100,2200,2050,2150
2026-09-28T23:00:41+00:00,1454,2026-09-28,938,255,258,260,263
2026-09-28T23:00:41+00:00,1454,2026-09-28,994,463,465,473,475
2026-09-28T23:00:41+00:00,1454,2026-09-28,1055,2290,2290,,
2026-09-28T23:00:41+00:00,1454,2026-09-28,1067,4.5,5,4.3,4.5
2026-10-05T23:50:31+00:00,1457,2026-10-05,10,254,255,257,260
2026-10-05T23:50:31+00:00,1457,2026-10-05,15,280,285,282,287
2026-10-05T23:50:31+00:00,1457,2026-10-05,16,270,275,265,280
2026-10-05T23:50:31+00:00,1457,2026-10-05,19,215,218,,
2026-10-05T23:50:31+00:00,1457,2026-10-05,20,220,223,225,228
2026-10-05T23:50:31+00:00,1457,2026-10-05,27,785,800,790,805
2026-10-05T23:50:31+00:00,1457,2026-10-05,28,785,800,790,805
2026-10-05T23:50:31+00:00,1457,2026-10-05,29,785,800,790,805
2026-10-05T23:50:31+00:00,1457,2026-10-05,30,189,191,194,196
2026-10-05T23:50:31+00:00,1457,2026-10-05,31,193,195,198,200
2026-10-05T23:50:31+00:00,1457,2026-10-05,32,138,140,143,145
2026-10-05T23:50:31+00:00,1457,2026-10-05,33,213,215,218,220
2026-10-05T23:50:31+00:00,1457,2026-10-05,34,153,155,158,160
2026-10-05T23:50:31+00:00,1457,2026-10-05,37,163,164,168,169
2026-10-05T23:50:31+00:00,1457,2026-10-05,38,163,164,168,169
2026-10-05T23:50:31+00:00,1457,2026-10-05,41,800,810,,
2026-10-05T23:50:31+00:00,1457,2026-10-05,47,327,330,332,335
2026-10-05T23:50:31+00:00,1457,2026-10-05,73,503,505,508,510
2026-10-05T23:50:31+00:00,1457,2026-10-05,75,495,500,500,505
2026-10-05T23:50:31+00:00,1457,2026-10-05,77,515,530,525,530
2026-10-05T23:50:31+00:00,1457,2026-10-05,80,535,540,515,520
2026-10-05T23:50:31+00:00,1457,2026-10-05,81,,,370,400
2026-10-05T23:50:31+00:00,1457,2026-10-05,86,1470,1475,1490,1495
2026-10-05T23:50:31+00:00,1457,2026-10-05,87,1180,1185,1255,1260
2026-10-05T23:50:31+00:00,1457,2026-10-05,88,1130,1135,1205,1210
2026-10-05T23:50:31+00:00,1457,2026-10-05,94,1360,1365,1435,1440
2026-10-05T23:50:31+00:00,1457,2026-10-05,95,1300,1305,1375,1380
2026-10-05T23:50:31+00:00,1457,2026-10-05,104,3.4,3.8,3.35,3.75
2026-10-05T23:50:31+00:00,1457,2026-10-05,105,3.6,4.25,3.55,4.2
2026-10-05T23:50:31+00:00,1457,2026-10-05,106,3.3,3.4,3.25,3.35
2026-10-05T23:50:31+00:00,1457,2026-10-05,114,315,317,320,322
2026-10-05T23:50:31+00:00,1457,2026-10-05,117,540,542,550,552
2026-10-05T23:50:31+00:00,1457,2026-10-05,118,448,450,458,460
2026-10-05T23:50:31+00:00,1457,2026-10-05,119,5,5,,
2026-10-05T23:50:31+00:00,1457,2026-10-05,120,10,10,,
2026-10-05T23:50:31+00:00,1457,2026-10-05,121,589,591,599,601
2026-10-05T23:50:31+00:00,1457,2026-10-05,122,459,460,469,470
2026-10-05T23:50:31+00:00,1457,2026-10-05,124,451,460,461,470
2026-10-05T23:50:31+00:00,1457,2026-10-05,127,335,340,340,345
2026-10-05T23:50:31+00:00,1457,2026-10-05,128,315,320,320,325
2026-10-05T23:50:31+00:00,1457,2026-10-05,129,280,285,285,290
2026-10-05T23:50:31+00:00,1457,2026-10-05,132,1090,1100,1100,1110
2026-10-05T23:50:31+00:00,1457,2026-10-05,133,1065,1070,1075,1080
2026-10-05T23:50:31+00:00,1457,2026-10-05,134,1080,1100,1090,1110
2026-10-05T23:50:31+00:00,1457,2026-10-05,181,6.9,7,6.8,6.9
2026-10-05T23:50:31+00:00,1457,2026-10-05,182,7.1,7.2,7,7.1
2026-10-05T23:50:31+00:00,1457,2026-10-05,329,0.15,0.19,0.2,0.24
2026-10-05T23:50:31+00:00,1457,2026-10-05,331,0.3,0.36,0.35,0.41
2026-10-05T23:50:31+00:00,1457,2026-10-05,344,23.2,23.2,23.3,23.3
2026-10-05T23:50:31+00:00,1457,2026-10-05,345,21.4,21.4,21.5,21.5
2026-10-05T23:50:31+00:00,1457,2026-10-05,346,20,20,20.1,20.1
2026-10-05T23:50:31+00:00,1457,2026-10-05,347,18,18,18.1,18.1
2026-10-05T23:50:31+00:00,1457,2026-10-05,351,3.5,3.8,3.6,3.9
2026-10-05T23:50:31+00:00,1457,2026-10-05,357,2.6,2.8,2.65,2.85
2026-10-05T23:50:31+00:00,1457,2026-10-05,363,8.3,8.7,8.4,8.8
2026-10-05T23:50:31+00:00,1457,2026-10-05,364,3.05,3.35,3.15,3.45
2026-10-05T23:50:31+00:00,1457,2026-10-05,366,9.3,9.7,9.4,9.8
2026-10-05T23:50:31+00:00,1457,2026-10-05,369,9.3,9.7,9.4,9.8
2026-10-05T23:50:31+00:00,1457,2026-10-05,372,7,7.3,7.4,7.7
2026-10-05T23:50:31+00:00,1457,2026-10-05,674,1.55,1.59,1.59,1.63
2026-10-05T23:50:31+00:00,1457,2026-10-05,676,3.5,3.8,3.6,3.9
2026-10-05T23:50:31+00:00,1457,2026-10-05,677,2.6,2.8,2.65,2.85
2026-10-05T23:50:31+00:00,1457,2026-10-05,716,25.5,25.5,25.6,25.6
2026-10-05T23:50:31+00:00,1457,2026-10-05,717,23.7,23.7,23.8,23.8
2026-10-05T23:50:31+00:00,1457,2026-10-05,718,22.5,22.5,22.6,22.6
2026-10-05T23:50:31+00:00,1457,2026-10-05,719,19.5,19.5,19.6,19.6
2026-10-05T23:50:31+00:00,1457,2026-10-05,731,7.85,8,7.75,7.9
2026-10-05T23:50:31+00:00,1457,2026-10-05,732,9.9,10,9.8,9.9
2026-10-05T23:50:31+00:00,1457,2026-10-05,733,10.45,10.75,10.15,10.45
2026-10-05T23:50:31+00:00,1457,2026-10-05,734,11.25,11.35,10.75,10.85
2026-10-05T23:50:31+00:00,1457,2026-10-05,803,2050,2150,2000,2100
2026-10-05T23:50:31+00:00,1457,2026-10-05,994,473,475,483,485
2026-10-05T23:50:31+00:00,1457,2026-10-05,1008,,,0.7,0.8
