date,code,low,high
2026-01-15,2,257,259
2026-01-15,4,230,231
2026-01-15,5,225,226
2026-01-15,6,221,223
2026-01-15,7,285,286
2026-01-15,8,285,286
2026-01-15,10,227,230
2026-01-15,13,232,234
2026-01-15,14,220,221
2026-01-15,15,228,230
2026-01-15,16,218,221
2026-01-15,20,230,232
2026-01-15,21,236,238
2026-01-15,23,500,505
2026-01-15,24,485,490
2026-01-15,25,429,431
2026-01-15,26,424,427
2026-01-15,27,750,765
2026-01-15,28,750,765
2026-01-15,29,750,765
2026-01-15,30,229,231
2026-01-15,31,233,235
2026-01-15,32,178,180
2026-01-15,33,248,250
2026-01-15,34,188,190
2026-01-15,35,255,257
2026-01-15,36,213,215
2026-01-15,37,181,182
2026-01-15,38,181,182
2026-01-15,39,393,395
2026-01-15,41,800,810
2026-01-15,42,208,210
2026-01-15,47,257,260
2026-01-15,48,300,305
2026-01-15,50,640,770
2026-01-15,51,600,660
2026-01-15,55,440,470
2026-01-15,56,220,230
2026-01-15,58,160,165
2026-01-15,63,125,135
2026-01-15,67,260,270
2026-01-15,71,150,155
2026-01-15,73,398,400
2026-01-15,75,392,395
2026-01-15,76,419,424
2026-01-15,77,420,424
2026-01-15,81,370,400
2026-01-15,86,1250,1260
2026-01-15,87,1130,1135
2026-01-15,88,1080,1085
2026-01-15,89,1690,1700
2026-01-15,92,1350,1355
2026-01-15,94,1310,1315
2026-01-15,95,1250,1255
2026-01-15,103,8.9,9.1
2026-01-15,104,3.9,4.1
2026-01-15,105,4,4.3
2026-01-15,106,3.3,3.4
2026-01-15,107,1.7,1.8
2026-01-15,110,510,515
2026-01-15,111,273,278
2026-01-15,114,255,256
2026-01-15,115,195,200
2026-01-15,117,425,427
2026-01-15,118,345,347
2026-01-15,121,475,477
2026-01-15,122,355,356
2026-01-15,124,352,355
2026-01-15,127,260,265
2026-01-15,128,235,240
2026-01-15,129,195,195
2026-01-15,130,180,180
2026-01-15,131,1390,1450
2026-01-15,132,910,920
2026-01-15,133,885,890
2026-01-15,134,1160,1180
2026-01-15,176,7.5,8.5
2026-01-15,177,20.5,21.5
2026-01-15,181,7.35,7.45
2026-01-15,182,7.55,7.65
2026-01-15,183,7.4,7.6
2026-01-15,184,8.5,8.6
2026-01-15,185,9.35,9.45
2026-01-15,186,12,12.1
2026-01-15,187,280,310
2026-01-15,188,230,240
2026-01-15,189,110,130
2026-01-15,328,0.57,0.61
2026-01-15,329,0.27,0.31
2026-01-15,331,0.44,0.5
2026-01-15,333,3.4,3.5
2026-01-15,335,3.8,3.85
2026-01-15,341,3.85,3.89
2026-01-15,342,3.9,3.94
2026-01-15,344,22.5,22.5
2026-01-15,345,20.7,20.7
2026-01-15,346,19.3,19.3
2026-01-15,347,17.3,17.3
2026-01-15,350,3.9,4.2
2026-01-15,351,3.35,3.65
2026-01-15,352,5.9,6.1
2026-01-15,353,6.5,6.7
2026-01-15,356,2.75,2.95
2026-01-15,357,2.95,3.15
2026-01-15,358,5.9,6.2
2026-01-15,361,6.55,6.85
2026-01-15,362,7.45,7.75
2026-01-15,363,7.5,7.9
2026-01-15,364,3.15,3.45
2026-01-15,365,2.8,3
2026-01-15,366,9.3,9.7
2026-01-15,367,4.1,4.3
2026-01-15,368,2.7,2.8
2026-01-15,369,9.3,9.7
2026-01-15,370,4.1,4.3
2026-01-15,371,2.7,2.8
2026-01-15,372,7,7.3
2026-01-15,674,1.48,1.52
2026-01-15,675,2.26,2.3
2026-01-15,676,3.35,3.65
2026-01-15,677,2.95,3.15
2026-01-15,678,3.75,3.95
2026-01-15,716,24.8,24.8
2026-01-15,717,23,23
2026-01-15,718,21.8,21.88
2026-01-15,719,18.8,18.8
2026-01-15,731,7.25,7.4
2026-01-15,732,9.3,9.4
2026-01-15,733,10.2,10.5
2026-01-15,734,11,11.1
2026-01-15,802,1600,1700
2026-01-15,803,1500,1600
2026-01-15,835,6.5,6.7
2026-01-15,836,7.05,7.35
2026-01-15,936,640,680
2026-01-15,938,245,250
2026-01-15,990,10.5,11
2026-01-15,991,11,11.5
2026-01-15,994,372,374
2026-01-15,996,2.8,3.2
2026-01-15,997,2.7,3.1
2026-01-15,1001,500,545
2026-01-15,1002,500,550
2026-01-15,1004,8.3,9
2026-01-15,1005,8.5,9.3
2026-01-15,1011,242,245
2026-01-15,1023,4.1,4.25
2026-01-15,1036,1.1,1.9
2026-01-15,1049,1.9,2
2026-01-15,1050,2,2.1
2026-01-15,1053,5.5,5.8
2026-01-15,1056,7.3,8
2026-01-15,1057,7.4,8.5
2026-01-15,1058,2.3,2.8
2026-01-15,1059,2.3,2.9
2026-01-15,1062,2.35,2.85
2026-01-15,1063,2.35,2.95
2026-01-15,1064,9.5,10.5
2026-01-15,1065,9.5,11
2026-01-15,1067,5.1,5.3
2026-01-15,1069,12,13
2026-01-15,1071,2.3,2.5
2026-01-15,1073,2.2,2.3
2026-01-15,1075,3.2,3.5
2026-01-15,1076,1.14,1.2
2026-01-15,1077,0.74,0.8
2026-01-15,1078,1.45,1.55
2026-01-15,1079,5.5,5.8
2026-01-15,1080,0.74,0.8
2026-01-15,1081,0.9,1
2026-01-15,1082,0.7,0.8
2026-01-15,1083,1.15,1.25
2026-01-15,1084,0.9,1.05
2026-01-15,1086,0.8,0.95
2026-01-15,1087,1.1,1.3
2026-01-15,1088,0.98,1.05
2026-01-15,1089,1,1.15
2026-01-15,1090,1.1,1.2
2026-01-15,1091,1.3,1.4
2026-01-15,1092,1.3,1.5
2026-01-15,1095,1.4,1.7
2026-01-15,1096,1.4,1.8
2026-01-15,1099,5.5,5.8
2026-01-15,1100,0.9,0.95
2026-01-15,1103,5.5,6
2026-01-15,1105,5.2,5.8
2026-01-15,1108,5.8,6.1
2026-01-15,1109,7,7.5
2026-01-15,1113,4.3,4.8
2026-01-15,1115,4.1,4.25
2026-01-15,1116,1.45,1.6
2026-01-15,1117,1.15,1.25
2026-01-15,1120,1.4,1.6
2026-01-15,1121,1.4,1.6
2026-01-15,1126,3.3,3.5
2026-01-15,1127,0.8,1.1
2026-01-30,2,254,256
2026-01-30,4,229,230
2026-01-30,5,224,225
2026-01-30,7,285,286
2026-01-30,8,285,286
2026-01-30,10,223.5,225.5
2026-01-30,13,229,231
2026-01-30,14,217.5,218.5
2026-01-30,15,228,230
2026-01-30,16,217,218
2026-01-30,20,230,232
2026-01-30,21,234,236
2026-01-30,23,492.5,497.5
2026-01-30,24,477.5,482.5
2026-01-30,25,426.5,428.5
2026-01-30,26,421.5,424.5
2026-01-30,27,750,765
2026-01-30,28,750,765
2026-01-30,29,750,765
2026-01-30,30,201.5,203.5
2026-01-30,31,205.5,207.5
2026-01-30,32,150.5,152.5
2026-01-30,33,220.5,222.5
2026-01-30,34,160.5,162.5
2026-01-30,35,227.5,229.5
2026-01-30,36,185.5,187.5
2026-01-30,37,155,156
2026-01-30,38,155,156
2026-01-30,39,390.5,392.5
2026-01-30,41,800,810
2026-01-30,42,208,210
2026-01-30,47,259.5,262.5
2026-01-30,48,300,305
2026-01-30,50,630,760
2026-01-30,51,575,635
2026-01-30,55,430,460
2026-01-30,56,205,215
2026-01-30,58,160,165
2026-01-30,63,125,135
2026-01-30,67,260,270
2026-01-30,71,150,155
2026-01-30,73,397,399
2026-01-30,75,392,395
2026-01-30,76,419,423
2026-01-30,77,420,423
2026-01-30,81,370,400
2026-01-30,86,1265,1275
2026-01-30,87,1165,1170
2026-01-30,88,1115,1120
2026-01-30,89,1685,1695
2026-01-30,90,10,10
2026-01-30,92,1365,1370
2026-01-30,94,1345,1350
2026-01-30,95,1285,1290
2026-01-30,103,8.8,9.1
2026-01-30,104,4,4.1
2026-01-30,105,4.1,4.3
2026-01-30,106,3.45,3.55
2026-01-30,107,1.85,1.95
2026-01-30,110,507.5,512.5
2026-01-30,111,273,278
2026-01-30,112,270,275
2026-01-30,114,257,258
2026-01-30,115,195,200
2026-01-30,117,415,417
2026-01-30,118,336.5,338.5
2026-01-30,121,465,467
2026-01-30,122,346.5,347.5
2026-01-30,124,342.5,344.5
2026-01-30,127,260,265
2026-01-30,128,235,240
2026-01-30,129,195,195
2026-01-30,130,180,180
2026-01-30,131,1370,1430
2026-01-30,132,820,830
2026-01-30,133,795,800
2026-01-30,134,1040,1060
2026-01-30,176,7.5,8.5
2026-01-30,177,20,21
2026-01-30,181,7.25,7.35
2026-01-30,182,7.45,7.55
2026-01-30,183,7.3,7.5
2026-01-30,184,8.5,8.6
2026-01-30,185,9.35,9.45
2026-01-30,186,12,12.1
2026-01-30,187,280,310
2026-01-30,188,270,285
2026-01-30,189,145,160
2026-01-30,328,0.57,0.61
2026-01-30,329,0.25,0.29
2026-01-30,331,0.42,0.48
2026-01-30,333,3.4,3.5
2026-01-30,335,3.8,3.85
2026-01-30,341,3.85,3.89
2026-01-30,342,3.9,3.94
2026-01-30,344,22.5,22.5
2026-01-30,345,20.7,20.7
2026-01-30,346,19.3,19.3
2026-01-30,347,17.3,17.3
2026-01-30,350,3.9,4.2
2026-01-30,351,3.35,3.65
2026-01-30,352,5.9,6.1
2026-01-30,353,6.5,6.7
2026-01-30,356,2.75,2.95
2026-01-30,357,2.95,3.15
2026-01-30,358,5.9,6.2
2026-01-30,361,6.55,6.85
2026-01-30,362,7.45,7.75
2026-01-30,363,7.5,7.9
2026-01-30,364,3.15,3.45
2026-01-30,365,2.8,3
2026-01-30,366,9.3,9.7
2026-01-30,367,4.1,4.3
2026-01-30,368,2.7,2.8
2026-01-30,369,9.3,9.7
2026-01-30,370,4.1,4.3
2026-01-30,371,2.7,2.8
2026-01-30,372,6.9,7.2
2026-01-30,672,260,265
2026-01-30,674,1.48,1.52
2026-01-30,675,2.26,2.3
2026-01-30,676,3.35,3.65
2026-01-30,677,2.95,3.15
2026-01-30,678,3.75,3.95
2026-01-30,716,24.8,24.8
2026-01-30,717,23,23
2026-01-30,718,21.8,21.88
2026-01-30,719,18.8,18.8
2026-01-30,731,7.25,7.4
2026-01-30,732,9.3,9.4
2026-01-30,733,10.2,10.5
2026-01-30,734,11,11.1
2026-01-30,802,1550,1650
2026-01-30,803,1450,1550
2026-01-30,835,6.5,6.7
2026-01-30,836,7.05,7.35
2026-01-30,936,640,680
2026-01-30,938,242,247
2026-01-30,990,10.5,11
2026-01-30,991,11,11.5
2026-01-30,994,363.5,365.5
2026-01-30,996,2.8,3.2
2026-01-30,997,2.7,3.1
2026-01-30,1001,500,545
2026-01-30,1002,500,550
2026-01-30,1004,8.3,9
2026-01-30,1005,8.5,9.3
2026-01-30,1011,236.5,240
2026-01-30,1036,1.1,1.9
2026-01-30,1049,1.9,2
2026-01-30,1050,2,2.1
2026-01-30,1053,5.5,5.8
2026-01-30,1056,7.3,8
2026-01-30,1057,7.4,8.5
2026-01-30,1058,2.3,2.8
2026-01-30,1059,2.3,2.9
2026-01-30,1062,2.35,2.85
2026-01-30,1063,2.35,2.95
2026-01-30,1064,9.5,10.5
2026-01-30,1065,9.5,11
2026-01-30,1067,5,5.1
2026-01-30,1069,12,13
2026-01-30,1071,2.3,2.5
2026-01-30,1073,2.2,2.3
2026-01-30,1076,1.14,1.2
2026-01-30,1077,0.74,0.8
2026-01-30,1078,1.45,1.55
2026-01-30,1079,5.5,5.8
2026-01-30,1080,0.74,0.8
2026-01-30,1081,0.9,1
2026-01-30,1082,0.7,0.8
2026-01-30,1083,1.15,1.25
2026-01-30,1084,0.9,1.05
2026-01-30,1086,0.8,0.95
2026-01-30,1087,1.1,1.3
2026-01-30,1088,0.98,1.05
2026-01-30,1089,1,1.15
2026-01-30,1090,1.1,1.2
2026-01-30,1091,1.3,1.4
2026-01-30,1092,1.3,1.5
2026-01-30,1095,1.4,1.7
2026-01-30,1096,1.4,1.8
2026-01-30,1098,1.1,1.9
2026-01-30,1099,5.5,5.8
2026-01-30,1100,0.9,0.95
2026-01-30,1103,5.5,6
2026-01-30,1105,5.2,5.8
2026-01-30,1108,5.8,6.1
2026-01-30,1109,7,7.5
2026-01-30,1113,4.3,4.8
2026-01-30,1115,4.1,4.25
2026-01-30,1116,1.45,1.6
2026-01-30,1117,1.15,1.25
2026-01-30,1120,1.4,1.6
2026-01-30,1121,1.4,1.6
2026-01-30,1126,3.3,3.5
2026-01-30,1127,0.8,1.1
2026-02-15,2,251,253
2026-02-15,4,226,227
2026-02-15,5,221,222
2026-02-15,7,277.5,278.5
2026-02-15,8,276.5,277.5
2026-02-15,10,221,222.5
2026-02-15,13,228,230
2026-02-15,14,217,218
2026-02-15,15,226,228
2026-02-15,16,217,218
2026-02-15,20,230,232
2026-02-15,21,232.5,234.5
2026-02-15,23,490,495
2026-02-15,24,475,480
2026-02-15,25,424,426
2026-02-15,26,419,422
2026-02-15,27,750,765
2026-02-15,28,750,765
2026-02-15,29,750,765
2026-02-15,30,184,186
2026-02-15,31,188,190
2026-02-15,32,133,135
2026-02-15,33,205,207
2026-02-15,34,145,147
2026-02-15,35,206,208
2026-02-15,36,164,166
2026-02-15,37,149,150
2026-02-15,38,149,150
2026-02-15,39,390,392
2026-02-15,41,800,810
2026-02-15,42,209,211
2026-02-15,47,269.5,272.5
2026-02-15,48,300,305
2026-02-15,50,620,750
2026-02-15,51,540,600
2026-02-15,55,430,460
2026-02-15,56,200,210
2026-02-15,58,160,165
2026-02-15,63,120,130
2026-02-15,67,260,270
2026-02-15,71,150,155
2026-02-15,73,402,404
2026-02-15,75,397,400
2026-02-15,76,425,428
2026-02-15,77,425,427
2026-02-15,81,370,400
2026-02-15,86,1275,1285
2026-02-15,87,1165,1170
2026-02-15,88,1115,1120
2026-02-15,89,1680,1690
2026-02-15,92,1365,1370
2026-02-15,94,1345,1350
2026-02-15,95,1285,1290
2026-02-15,103,8.6,9.1
2026-02-15,104,4,4.1
2026-02-15,105,4.15,4.35
2026-02-15,106,3.5,3.6
2026-02-15,107,1.9,2
2026-02-15,110,497.5,502.5
2026-02-15,112,277.5,282.5
2026-02-15,114,260.5,261.5
2026-02-15,115,195,200
2026-02-15,117,417.5,419.5
2026-02-15,118,345.5,347.5
2026-02-15,121,467.5,469.5
2026-02-15,122,355.5,356.5
2026-02-15,124,350,351
2026-02-15,127,260,265
2026-02-15,128,235,240
2026-02-15,129,195,195
2026-02-15,130,180,180
2026-02-15,131,1330,1390
2026-02-15,132,705,715
2026-02-15,133,680,685
2026-02-15,134,890,910
2026-02-15,176,7,8
2026-02-15,177,19,20
2026-02-15,181,7.25,7.35
2026-02-15,182,7.45,7.55
2026-02-15,183,7.3,7.5
2026-02-15,184,8.5,8.6
2026-02-15,185,9.35,9.45
2026-02-15,186,12,12.1
2026-02-15,187,275,297.5
2026-02-15,188,265,277.5
2026-02-15,189,150,162.5
2026-02-15,328,0.57,0.61
2026-02-15,329,0.25,0.29
2026-02-15,331,0.42,0.48
2026-02-15,333,3.4,3.5
2026-02-15,335,3.8,3.85
2026-02-15,341,3.85,3.89
2026-02-15,342,3.9,3.94
2026-02-15,344,22.75,22.75
2026-02-15,345,20.95,20.95
2026-02-15,346,19.55,19.55
2026-02-15,347,17.55,17.55
2026-02-15,350,3.9,4.2
2026-02-15,351,3.3,3.6
2026-02-15,352,5.9,6.1
2026-02-15,353,6.5,6.7
2026-02-15,356,2.75,2.95
2026-02-15,357,2.95,3.15
2026-02-15,358,5.9,6.2
2026-02-15,361,6.55,6.85
2026-02-15,362,7.45,7.75
2026-02-15,363,7.45,7.85
2026-02-15,364,3.1,3.4
2026-02-15,365,2.8,3
2026-02-15,366,9.3,9.7
2026-02-15,367,4.1,4.3
2026-02-15,368,2.7,2.8
2026-02-15,369,9.3,9.7
2026-02-15,370,4.1,4.3
2026-02-15,371,2.7,2.8
2026-02-15,372,6.55,6.85
2026-02-15,672,270,275
2026-02-15,674,1.46,1.5
2026-02-15,675,2.26,2.3
2026-02-15,676,3.3,3.6
2026-02-15,677,2.95,3.15
2026-02-15,678,3.75,3.95
2026-02-15,716,25.05,25.05
2026-02-15,717,23.25,23.25
2026-02-15,718,22.05,22.05
2026-02-15,719,19.05,19.05
2026-02-15,731,7.25,7.4
2026-02-15,732,9.3,9.4
2026-02-15,733,10.2,10.5
2026-02-15,734,11,11.1
2026-02-15,802,1450,1550
2026-02-15,803,1350,1450
2026-02-15,835,6.5,6.7
2026-02-15,836,7.05,7.35
2026-02-15,936,640,680
2026-02-15,938,239,244
2026-02-15,990,10.5,11
2026-02-15,991,11,11.5
2026-02-15,994,372.5,374.5
2026-02-15,996,2.8,3.2
2026-02-15,997,2.7,3.1
2026-02-15,1001,465,537.5
2026-02-15,1002,490,535
2026-02-15,1004,8.3,9
2026-02-15,1005,8.5,9.3
2026-02-15,1011,235,240
2026-02-15,1036,1.1,1.9
2026-02-15,1049,1.9,2
2026-02-15,1050,2,2.1
2026-02-15,1056,7.3,8
2026-02-15,1057,7.4,8.5
2026-02-15,1058,2.3,2.8
2026-02-15,1059,2.3,2.9
2026-02-15,1062,2.35,2.85
2026-02-15,1063,2.35,2.95
2026-02-15,1064,9.5,10.5
2026-02-15,1065,9.5,11
2026-02-15,1067,5,5.1
2026-02-15,1069,12,13
2026-02-15,1071,2.3,2.5
2026-02-15,1073,2.2,2.3
2026-02-15,1076,1.14,1.2
2026-02-15,1077,0.74,0.8
2026-02-15,1078,1.45,1.55
2026-02-15,1079,5.5,5.8
2026-02-15,1080,0.74,0.8
2026-02-15,1081,0.9,1
2026-02-15,1082,0.7,0.8
2026-02-15,1083,1.15,1.25
2026-02-15,1084,0.9,1.05
2026-02-15,1086,0.8,0.95
2026-02-15,1087,1.1,1.3
2026-02-15,1088,0.98,1.05
2026-02-15,1089,1,1.15
2026-02-15,1090,1.1,1.2
2026-02-15,1091,1.3,1.4
2026-02-15,1092,1.3,1.5
2026-02-15,1095,1.4,1.7
2026-02-15,1096,1.4,1.8
2026-02-15,1098,1.1,1.9
2026-02-15,1099,5.5,5.8
2026-02-15,1100,0.9,0.95
2026-02-15,1103,5.5,6
2026-02-15,1105,5.2,5.8
2026-02-15,1108,5.8,6.1
2026-02-15,1109,7,7.5
2026-02-15,1113,4.3,4.8
2026-02-15,1115,4.1,4.25
2026-02-15,1116,1.45,1.6
2026-02-15,1117,1.15,1.25
2026-02-15,1120,1.4,1.6
2026-02-15,1121,1.4,1.6
2026-02-15,1126,3.3,3.5
2026-02-15,1127,0.8,1.1
2026-02-28,2,246.5,248.5
2026-02-28,4,223,224
2026-02-28,5,218,219
2026-02-28,7,276,277
2026-02-28,8,276,277
2026-02-28,10,218,219
2026-02-28,13,228,230
2026-02-28,14,217,218
2026-02-28,15,226,228
2026-02-28,16,219,220
2026-02-28,20,226.5,228.5
2026-02-28,21,226.5,228.5
2026-02-28,23,487.5,492.5
2026-02-28,24,472.5,477.5
2026-02-28,25,421.5,423.5
2026-02-28,26,416.5,419.5
2026-02-28,27,750,765
2026-02-28,28,750,765
2026-02-28,29,750,765
2026-02-28,30,179,181
2026-02-28,31,183,185
2026-02-28,32,128,130
2026-02-28,33,200,202
2026-02-28,34,140,142
2026-02-28,35,200,202
2026-02-28,36,158,160
2026-02-28,37,151,152
2026-02-28,38,151,152
2026-02-28,39,390,392
2026-02-28,41,790,800
2026-02-28,42,210,212
2026-02-28,47,275,278
2026-02-28,48,305,310
2026-02-28,50,565,695
2026-02-28,51,465,525
2026-02-28,55,430,460
2026-02-28,56,200,210
2026-02-28,58,160,165
2026-02-28,63,120,130
2026-02-28,67,260,270
2026-02-28,71,150,155
2026-02-28,73,415.5,417.5
2026-02-28,75,414.5,417.5
2026-02-28,76,438.5,441.5
2026-02-28,77,442.5,444.5
2026-02-28,81,370,400
2026-02-28,86,1270,1280
2026-02-28,87,1235,1240
2026-02-28,88,1185,1190
2026-02-28,89,1680,1690
2026-02-28,92,1350,1355
2026-02-28,94,1415,1420
2026-02-28,95,1355,1360
2026-02-28,103,8.4,9
2026-02-28,104,4,4.1
2026-02-28,105,4.2,4.4
2026-02-28,106,3.5,3.6
2026-02-28,107,1.9,2
2026-02-28,110,497.5,502.5
2026-02-28,112,287.5,292.5
2026-02-28,114,263,264
2026-02-28,115,207.5,212.5
2026-02-28,117,430,432
2026-02-28,118,379,381
2026-02-28,121,480,482
2026-02-28,122,389,390
2026-02-28,124,383.5,384.5
2026-02-28,127,260,265
2026-02-28,128,235,240
2026-02-28,129,195,195
2026-02-28,130,180,180
2026-02-28,131,1320,1380
2026-02-28,132,620,630
2026-02-28,133,595,600
2026-02-28,134,790,810
2026-02-28,176,5.5,6.5
2026-02-28,177,17.5,18.5
2026-02-28,181,7.15,7.25
2026-02-28,182,7.35,7.45
2026-02-28,183,7.25,7.45
2026-02-28,184,8.45,8.55
2026-02-28,185,9.28,9.38
2026-02-28,186,11.88,11.97
2026-02-28,187,255,265
2026-02-28,188,245,255
2026-02-28,189,140,150
2026-02-28,328,0.57,0.61
2026-02-28,329,0.25,0.29
2026-02-28,331,0.42,0.48
2026-02-28,333,3.4,3.5
2026-02-28,335,3.8,3.85
2026-02-28,341,3.85,3.89
2026-02-28,342,3.9,3.94
2026-02-28,344,22.9,22.9
2026-02-28,345,21.1,21.1
2026-02-28,346,19.7,19.7
2026-02-28,347,17.7,17.7
2026-02-28,350,3.9,4.2
2026-02-28,351,3.25,3.55
2026-02-28,352,5.9,6.1
2026-02-28,353,6.5,6.7
2026-02-28,356,2.75,2.95
2026-02-28,357,2.95,3.15
2026-02-28,358,5.9,6.2
2026-02-28,361,6.55,6.85
2026-02-28,362,7.45,7.75
2026-02-28,363,7.4,7.8
2026-02-28,364,3.05,3.35
2026-02-28,365,2.8,3
2026-02-28,366,9.3,9.7
2026-02-28,367,4.1,4.3
2026-02-28,368,2.7,2.8
2026-02-28,369,9.3,9.7
2026-02-28,370,4.1,4.3
2026-02-28,371,2.7,2.8
2026-02-28,372,6.45,6.75
2026-02-28,672,277.5,282.5
2026-02-28,674,1.44,1.48
2026-02-28,675,2.26,2.3
2026-02-28,676,3.25,3.55
2026-02-28,677,2.95,3.15
2026-02-28,678,3.75,3.95
2026-02-28,716,25.2,25.2
2026-02-28,717,23.4,23.4
2026-02-28,718,22.2,22.2
2026-02-28,719,19.2,19.2
2026-02-28,731,7.25,7.4
2026-02-28,732,9.3,9.4
2026-02-28,733,10.2,10.5
2026-02-28,734,11,11.1
2026-02-28,802,1650,1750
2026-02-28,803,1550,1650
2026-02-28,835,6.5,6.7
2026-02-28,836,7.05,7.35
2026-02-28,936,640,680
2026-02-28,938,236,241
2026-02-28,990,10.5,11
2026-02-28,991,11,11.5
2026-02-28,994,406,408
2026-02-28,996,2.8,3.2
2026-02-28,997,2.7,3.1
2026-02-28,1001,430,530
2026-02-28,1002,480,520
2026-02-28,1004,8.3,9
2026-02-28,1005,8.5,9.3
2026-02-28,1011,235,240
2026-02-28,1036,1.1,1.9
2026-02-28,1049,1.9,2
2026-02-28,1050,2,2.1
2026-02-28,1056,7.3,8
2026-02-28,1057,7.4,8.5
2026-02-28,1058,2.3,2.8
2026-02-28,1059,2.3,2.9
2026-02-28,1062,2.35,2.85
2026-02-28,1063,2.35,2.95
2026-02-28,1064,9.5,10.5
2026-02-28,1065,9.5,11
2026-02-28,1067,5,5.1
2026-02-28,1069,12,13
2026-02-28,1071,2.3,2.5
2026-02-28,1073,2.2,2.3
2026-02-28,1076,1.14,1.2
2026-02-28,1077,0.74,0.8
2026-02-28,1078,1.45,1.55
2026-02-28,1079,5.5,5.8
2026-02-28,1080,0.74,0.8
2026-02-28,1081,0.9,1
2026-02-28,1082,0.7,0.8
2026-02-28,1083,1.15,1.25
2026-02-28,1084,0.9,1.05
2026-02-28,1086,0.8,0.95
2026-02-28,1087,1.1,1.3
2026-02-28,1088,0.98,1.05
2026-02-28,1089,1,1.15
2026-02-28,1090,1.1,1.2
2026-02-28,1091,1.3,1.4
2026-02-28,1092,1.3,1.5
2026-02-28,1095,1.4,1.7
2026-02-28,1096,1.4,1.8
2026-02-28,1098,1.1,1.9
2026-02-28,1099,5.5,5.8
2026-02-28,1100,0.9,0.95
2026-02-28,1103,5.5,6
2026-02-28,1105,5.2,5.8
2026-02-28,1108,5.8,6.1
2026-02-28,1109,7,7.5
2026-02-28,1113,4.3,4.8
2026-02-28,1115,4.1,4.25
2026-02-28,1116,1.45,1.6
2026-02-28,1117,1.15,1.25
2026-02-28,1120,1.4,1.6
2026-02-28,1121,1.4,1.6
2026-02-28,1126,3.3,3.5
2026-02-28,1127,0.8,1.1
2026-03-15,2,245,247
2026-03-15,4,223.5,224.5
2026-03-15,5,218,219
2026-03-15,7,286.5,287.5
2026-03-15,8,286.5,287.5
2026-03-15,10,220.5,221.5
2026-03-15,13,230.5,232.5
2026-03-15,14,219.5,220.5
2026-03-15,15,228.5,230.5
2026-03-15,16,223,224.5
2026-03-15,21,228,230
2026-03-15,23,485,490
2026-03-15,24,470,475
2026-03-15,25,419,421
2026-03-15,26,414,417
2026-03-15,27,750,765
2026-03-15,28,750,765
2026-03-15,29,750,765
2026-03-15,30,185.5,187.5
2026-03-15,31,189.5,191.5
2026-03-15,32,134.5,136.5
2026-03-15,33,204.5,206.5
2026-03-15,34,144.5,146.5
2026-03-15,35,200,202
2026-03-15,36,158,160
2026-03-15,37,152,153
2026-03-15,38,152,153
2026-03-15,39,391,393
2026-03-15,41,775,785
2026-03-15,42,210,212
2026-03-15,47,275,278
2026-03-15,48,307.5,312.5
2026-03-15,50,550,680
2026-03-15,51,440,500
2026-03-15,55,430,460
2026-03-15,56,185,195
2026-03-15,58,147.5,152.5
2026-03-15,63,120,130
2026-03-15,67,260,270
2026-03-15,71,150,155
2026-03-15,73,435.5,437.5
2026-03-15,75,439.5,442.5
2026-03-15,76,461,464
2026-03-15,77,470,472
2026-03-15,81,370,400
2026-03-15,86,1370,1380
2026-03-15,87,1335,1340
2026-03-15,88,1285,1290
2026-03-15,89,1725,1735
2026-03-15,92,1390,1395
2026-03-15,94,1515,1520
2026-03-15,95,1455,1460
2026-03-15,103,8.4,9
2026-03-15,104,4.05,4.15
2026-03-15,105,4.25,4.45
2026-03-15,106,3.6,3.7
2026-03-15,107,1.95,2.05
2026-03-15,110,512.5,517.5
2026-03-15,112,293,295
2026-03-15,114,264,265
2026-03-15,115,222.5,227.5
2026-03-15,117,442.5,444.5
2026-03-15,118,420,422
2026-03-15,121,492.5,494.5
2026-03-15,122,430,431
2026-03-15,124,429,430
2026-03-15,127,260,265
2026-03-15,128,235,240
2026-03-15,129,195,195
2026-03-15,130,180,180
2026-03-15,131,1425,1455
2026-03-15,132,630,640
2026-03-15,133,605,610
2026-03-15,134,815,835
2026-03-15,176,5.5,6.5
2026-03-15,177,18.5,19.5
2026-03-15,181,7.1,7.2
2026-03-15,182,7.3,7.4
2026-03-15,183,7.15,7.35
2026-03-15,184,8.35,8.45
2026-03-15,185,9.2,9.3
2026-03-15,186,11.8,11.9
2026-03-15,187,215,225
2026-03-15,188,210,220
2026-03-15,189,95,105
2026-03-15,328,0.57,0.61
2026-03-15,329,0.27,0.31
2026-03-15,331,0.44,0.5
2026-03-15,333,3.4,3.5
2026-03-15,335,3.8,3.85
2026-03-15,341,3.85,3.89
2026-03-15,342,3.9,3.94
2026-03-15,344,23.1,23.1
2026-03-15,345,21.3,21.3
2026-03-15,346,19.9,19.9
2026-03-15,347,17.9,17.9
2026-03-15,350,3.9,4.2
2026-03-15,351,3.3,3.6
2026-03-15,352,5.9,6.1
2026-03-15,353,6.5,6.7
2026-03-15,356,2.75,2.95
2026-03-15,357,2.95,3.15
2026-03-15,358,5.9,6.2
2026-03-15,361,6.55,6.85
2026-03-15,362,7.45,7.75
2026-03-15,363,7.45,7.85
2026-03-15,364,3.1,3.4
2026-03-15,365,2.8,3
2026-03-15,366,9.3,9.7
2026-03-15,367,4.1,4.3
2026-03-15,368,2.7,2.8
2026-03-15,369,9.3,9.7
2026-03-15,370,4.1,4.3
2026-03-15,371,2.7,2.8
2026-03-15,372,6.4,6.7
2026-03-15,672,283,285
2026-03-15,674,1.46,1.5
2026-03-15,675,2.26,2.3
2026-03-15,676,3.3,3.6
2026-03-15,677,2.95,3.15
2026-03-15,678,3.75,3.95
2026-03-15,716,25.4,25.4
2026-03-15,717,23.6,23.6
2026-03-15,718,22.4,22.4
2026-03-15,719,19.4,19.4
2026-03-15,731,7.25,7.4
2026-03-15,732,9.3,9.4
2026-03-15,733,10.2,10.5
2026-03-15,734,11,11.1
2026-03-15,802,1900,2000
2026-03-15,803,1800,1900
2026-03-15,835,6.5,6.7
2026-03-15,836,7.05,7.35
2026-03-15,936,615,655
2026-03-15,938,236,241
2026-03-15,994,447,449
2026-03-15,996,2.8,3.2
2026-03-15,997,2.7,3.1
2026-03-15,1001,430,530
2026-03-15,1002,480,520
2026-03-15,1004,8.3,9
2026-03-15,1005,8.5,9.3
2026-03-15,1011,237.5,242.5
2026-03-15,1036,1.1,1.9
2026-03-15,1049,1.9,2
2026-03-15,1050,2,2.1
2026-03-15,1056,7.3,8
2026-03-15,1057,7.4,8.5
2026-03-15,1058,2.3,2.8
2026-03-15,1059,2.3,2.9
2026-03-15,1062,2.35,2.85
2026-03-15,1063,2.35,2.95
2026-03-15,1064,9.5,10.5
2026-03-15,1065,9.5,11
2026-03-15,1067,4.95,5.05
2026-03-15,1069,12,13
2026-03-15,1071,2.3,2.5
2026-03-15,1073,2.2,2.3
2026-03-15,1076,1.14,1.2
2026-03-15,1077,0.74,0.8
2026-03-15,1078,1.45,1.55
2026-03-15,1079,5.5,5.8
2026-03-15,1080,0.74,0.8
2026-03-15,1081,0.9,1
2026-03-15,1082,0.7,0.8
2026-03-15,1083,1.15,1.25
2026-03-15,1084,0.9,1.05
2026-03-15,1086,0.8,0.95
2026-03-15,1087,1.1,1.3
2026-03-15,1088,0.98,1.05
2026-03-15,1089,1,1.15
2026-03-15,1090,1.1,1.2
2026-03-15,1091,1.3,1.4
2026-03-15,1092,1.3,1.5
2026-03-15,1095,1.4,1.7
2026-03-15,1096,1.4,1.8
2026-03-15,1098,1.1,1.9
2026-03-15,1099,5.5,5.8
2026-03-15,1100,0.9,0.95
2026-03-15,1103,5.5,6
2026-03-15,1105,5.2,5.8
2026-03-15,1108,5.8,6.1
2026-03-15,1109,7,7.5
2026-03-15,1113,4.3,4.8
2026-03-15,1115,4.1,4.25
2026-03-15,1116,1.45,1.6
2026-03-15,1117,1.15,1.25
2026-03-15,1120,1.4,1.6
2026-03-15,1121,1.4,1.6
2026-03-15,1126,3.3,3.5
2026-03-15,1127,0.8,1.1
2026-03-30,2,245,247
2026-03-30,4,224,225
2026-03-30,5,218,219
2026-03-30,7,294,295
2026-03-30,8,299,300
2026-03-30,10,223.33,224.33
2026-03-30,13,235,237
2026-03-30,14,225,226
2026-03-30,15,233,235
2026-03-30,16,227,230
2026-03-30,21,232.33,234.33
2026-03-30,23,485,490
2026-03-30,24,470,475
2026-03-30,25,419,421
2026-03-30,26,414,417
2026-03-30,27,750,765
2026-03-30,28,750,765
2026-03-30,29,750,765
2026-03-30,30,208,210
2026-03-30,31,212,214
2026-03-30,32,157,159
2026-03-30,33,227,229
2026-03-30,34,167,169
2026-03-30,35,219,221
2026-03-30,36,177,179
2026-03-30,37,170.67,171.67
2026-03-30,38,170.67,171.67
2026-03-30,39,395,397
2026-03-30,41,770,780
2026-03-30,42,210,212
2026-03-30,47,288.33,291.33
2026-03-30,48,310,315
2026-03-30,50,550,690
2026-03-30,51,430,500
2026-03-30,55,430,460
2026-03-30,56,180,190
2026-03-30,58,145,150
2026-03-30,63,120,130
2026-03-30,67,260,270
2026-03-30,71,150,155
2026-03-30,73,433,435
2026-03-30,75,435.33,438.33
2026-03-30,76,460,463
2026-03-30,77,456.33,458.33
2026-03-30,81,373.33,403.33
2026-03-30,86,1483.33,1493.33
2026-03-30,87,1226.67,1231.67
2026-03-30,88,1176.67,1181.67
2026-03-30,89,1750,1760
2026-03-30,92,1406.67,1411.67
2026-03-30,94,1406.67,1411.67
2026-03-30,95,1346.67,1351.67
2026-03-30,101,18,18.5
2026-03-30,102,18.5,19
2026-03-30,103,8.4,9
2026-03-30,104,4.17,4.27
2026-03-30,105,4.37,4.57
2026-03-30,106,3.7,3.8
2026-03-30,107,2,2.1
2026-03-30,110,515,520
2026-03-30,112,293,295
2026-03-30,114,267.33,268.33
2026-03-30,115,233.33,238.33
2026-03-30,117,453.67,455.67
2026-03-30,118,428.33,430.33
2026-03-30,121,503.67,505.67
2026-03-30,122,438.33,439.33
2026-03-30,124,429.33,436.67
2026-03-30,127,260,265
2026-03-30,128,235,240
2026-03-30,129,195,195
2026-03-30,130,180,180
2026-03-30,131,1463.33,1493.33
2026-03-30,132,676.67,686.67
2026-03-30,133,651.67,656.67
2026-03-30,134,856.67,876.67
2026-03-30,176,7.17,8.17
2026-03-30,177,21.67,22.67
2026-03-30,181,7.1,7.2
2026-03-30,182,7.3,7.4
2026-03-30,183,7.1,7.3
2026-03-30,184,8.3,8.4
2026-03-30,185,9.15,9.25
2026-03-30,186,11.75,11.85
2026-03-30,187,233.33,243.33
2026-03-30,188,226.67,236.67
2026-03-30,189,93.33,103.33
2026-03-30,328,0.57,0.61
2026-03-30,329,0.26,0.3
2026-03-30,331,0.43,0.49
2026-03-30,333,3.4,3.5
2026-03-30,335,3.8,3.85
2026-03-30,341,3.85,3.89
2026-03-30,342,3.9,3.94
2026-03-30,344,23.17,23.17
2026-03-30,345,21.37,21.37
2026-03-30,346,19.97,19.97
2026-03-30,347,17.97,17.97
2026-03-30,350,3.9,4.2
2026-03-30,351,3.37,3.67
2026-03-30,352,5.9,6.1
2026-03-30,353,6.5,6.7
2026-03-30,356,2.75,2.95
2026-03-30,357,2.95,3.15
2026-03-30,358,5.9,6.2
2026-03-30,361,6.55,6.85
2026-03-30,362,7.45,7.75
2026-03-30,363,7.53,7.93
2026-03-30,364,3.1,3.4
2026-03-30,365,2.8,3
2026-03-30,366,9.3,9.7
2026-03-30,367,4.1,4.3
2026-03-30,368,2.7,2.8
2026-03-30,369,9.3,9.7
2026-03-30,370,4.1,4.3
2026-03-30,371,2.7,2.8
2026-03-30,372,6.5,6.8
2026-03-30,672,283,285
2026-03-30,674,1.49,1.53
2026-03-30,675,2.26,2.3
2026-03-30,676,3.37,3.67
2026-03-30,677,2.95,3.15
2026-03-30,678,3.75,3.95
2026-03-30,716,25.47,25.47
2026-03-30,717,23.67,23.67
2026-03-30,718,22.47,22.47
2026-03-30,719,19.47,19.47
2026-03-30,731,7.25,7.4
2026-03-30,732,9.3,9.4
2026-03-30,733,10.2,10.5
2026-03-30,734,11,11.1
2026-03-30,802,2000,2100
2026-03-30,803,1933.33,2033.33
2026-03-30,835,6.5,6.7
2026-03-30,836,7.05,7.35
2026-03-30,936,610,650
2026-03-30,938,236,241
2026-03-30,994,455.33,457.33
2026-03-30,996,2.8,3.2
2026-03-30,997,2.7,3.1
2026-03-30,1001,430,520
2026-03-30,1002,470,520
2026-03-30,1004,8.3,9
2026-03-30,1005,8.5,9.3
2026-03-30,1011,242,247
2026-03-30,1036,1.1,1.9
2026-03-30,1045,1.65,1.9
2026-03-30,1046,1.65,2
2026-03-30,1049,1.77,2
2026-03-30,1050,1.87,2.1
2026-03-30,1056,7.3,8
2026-03-30,1057,7.4,8.5
2026-03-30,1058,2.3,2.8
2026-03-30,1059,2.3,2.9
2026-03-30,1062,2.35,2.85
2026-03-30,1063,2.35,2.95
2026-03-30,1064,9.5,10.5
2026-03-30,1065,9.5,11
2026-03-30,1067,4.9,5
2026-03-30,1069,12,13
2026-03-30,1071,2.3,2.5
2026-03-30,1073,2.2,2.3
2026-03-30,1076,1.14,1.2
2026-03-30,1077,0.74,0.8
2026-03-30,1078,1.45,1.55
2026-03-30,1079,5.5,5.8
2026-03-30,1080,0.74,0.8
2026-03-30,1081,0.9,1
2026-03-30,1082,0.7,0.8
2026-03-30,1083,1.15,1.25
2026-03-30,1084,0.9,1.05
2026-03-30,1086,0.8,0.95
2026-03-30,1087,1.1,1.3
2026-03-30,1088,0.98,1.05
2026-03-30,1089,1,1.15
2026-03-30,1090,1.1,1.2
2026-03-30,1091,1.27,1.4
2026-03-30,1092,1.27,1.5
2026-03-30,1095,1.4,1.7
2026-03-30,1096,1.4,1.8
2026-03-30,1098,1.1,1.9
2026-03-30,1099,5.5,5.8
2026-03-30,1100,0.9,0.95
2026-03-30,1103,5.5,6
2026-03-30,1105,5.2,5.8
2026-03-30,1108,5.8,6.1
2026-03-30,1109,7,7.5
2026-03-30,1113,4.3,4.8
2026-03-30,1115,4.1,4.25
2026-03-30,1116,1.45,1.6
2026-03-30,1117,1.15,1.25
2026-03-30,1120,1.4,1.6
2026-03-30,1121,1.4,1.6
2026-03-30,1126,3.3,3.5
2026-03-30,1127,0.8,1.1
2026-04-15,2,242,244
2026-04-15,4,222,223
2026-04-15,5,218,219
2026-04-15,7,289,290
2026-04-15,8,296,297
2026-04-15,10,222,223
2026-04-15,13,235,237
2026-04-15,14,225,226
2026-04-15,15,233,235
2026-04-15,16,227,230
2026-04-15,21,229,231
2026-04-15,23,485,490
2026-04-15,24,470,475
2026-04-15,25,419,421
2026-04-15,26,414,417
2026-04-15,27,750,765
2026-04-15,28,750,765
2026-04-15,29,750,765
2026-04-15,30,215,217
2026-04-15,31,219,221
2026-04-15,32,164,166
2026-04-15,33,234,236
2026-04-15,34,174,176
2026-04-15,35,232,234
2026-04-15,36,190,192
2026-04-15,37,176,177
2026-04-15,38,176,177
2026-04-15,39,395,397
2026-04-15,41,760,770
2026-04-15,42,208,210
2026-04-15,47,300,305
2026-04-15,48,310,315
2026-04-15,50,550,690
2026-04-15,51,410,485
2026-04-15,55,440,470
2026-04-15,56,180,190
2026-04-15,58,145,150
2026-04-15,63,110,120
2026-04-15,67,240,250
2026-04-15,71,140,145
2026-04-15,73,418,420
2026-04-15,75,422,425
2026-04-15,76,445,450
2026-04-15,77,443,450
2026-04-15,81,375,405
2026-04-15,86,1450,1460
2026-04-15,87,1180,1185
2026-04-15,88,1130,1135
2026-04-15,89,1750,1760
2026-04-15,92,1400,1405
2026-04-15,94,1360,1365
2026-04-15,95,1300,1305
2026-04-15,101,18,18.5
2026-04-15,102,18.5,19
2026-04-15,103,8.4,9
2026-04-15,104,4.2,4.3
2026-04-15,105,4.4,4.6
2026-04-15,106,3.7,3.8
2026-04-15,107,2,2.1
2026-04-15,110,515,520
2026-04-15,112,295,297
2026-04-15,114,269,270
2026-04-15,115,235,240
2026-04-15,117,453,455
2026-04-15,118,420,422
2026-04-15,121,503,505
2026-04-15,122,430,431
2026-04-15,124,420,425
2026-04-15,127,265,270
2026-04-15,128,240,245
2026-04-15,129,185,185
2026-04-15,130,170,170
2026-04-15,131,1470,1500
2026-04-15,132,695,705
2026-04-15,133,670,675
2026-04-15,134,875,895
2026-04-15,176,7.5,8.5
2026-04-15,177,24,25
2026-04-15,181,7,7.1
2026-04-15,182,7.2,7.3
2026-04-15,183,7.05,7.25
2026-04-15,184,8.25,8.35
2026-04-15,185,9.1,9.2
2026-04-15,186,11.7,11.8
2026-04-15,187,270,280
2026-04-15,188,260,270
2026-04-15,189,130,140
2026-04-15,328,0.57,0.61
2026-04-15,329,0.21,0.25
2026-04-15,331,0.38,0.44
2026-04-15,333,3.4,3.5
2026-04-15,335,3.8,3.85
2026-04-15,341,3.85,3.89
2026-04-15,342,3.9,3.94
2026-04-15,344,23.2,23.2
2026-04-15,345,21.4,21.4
2026-04-15,346,20,20
2026-04-15,347,18,18
2026-04-15,350,3.9,4.2
2026-04-15,351,3.4,3.7
2026-04-15,352,5.9,6.1
2026-04-15,353,6.5,6.7
2026-04-15,356,2.75,2.95
2026-04-15,357,2.85,3.05
2026-04-15,358,5.9,6.2
2026-04-15,361,6.55,6.85
2026-04-15,362,7.45,7.75
2026-04-15,363,7.6,8
2026-04-15,364,3.1,3.4
2026-04-15,365,2.8,3
2026-04-15,366,9.3,9.7
2026-04-15,367,4.1,4.3
2026-04-15,368,2.7,2.8
2026-04-15,369,9.3,9.7
2026-04-15,370,4.1,4.3
2026-04-15,371,2.7,2.8
2026-04-15,372,6.5,6.8
2026-04-15,672,285,287
2026-04-15,674,1.5,1.54
2026-04-15,675,2.26,2.3
2026-04-15,676,3.4,3.7
2026-04-15,677,2.85,3.05
2026-04-15,678,3.75,3.95
2026-04-15,716,25.5,25.5
2026-04-15,717,23.7,23.7
2026-04-15,718,22.5,22.5
2026-04-15,719,19.5,19.5
2026-04-15,731,7.25,7.4
2026-04-15,732,9.3,9.4
2026-04-15,733,10.2,10.5
2026-04-15,734,11,11.1
2026-04-15,802,1850,1950
2026-04-15,803,1800,1900
2026-04-15,835,6.5,6.7
2026-04-15,836,7.05,7.35
2026-04-15,936,610,650
2026-04-15,938,234,239
2026-04-15,994,447,449
2026-04-15,996,2.8,3.2
2026-04-15,997,2.7,3.1
2026-04-15,1001,430,500
2026-04-15,1002,450,500
2026-04-15,1004,8.3,9
2026-04-15,1005,8.5,9.3
2026-04-15,1011,242,247
2026-04-15,1036,1.1,1.9
2026-04-15,1049,1.9,2
2026-04-15,1050,2,2.1
2026-04-15,1056,7.3,8
2026-04-15,1057,7.4,8.5
2026-04-15,1058,2.3,2.8
2026-04-15,1059,2.3,2.9
2026-04-15,1062,2.35,2.85
2026-04-15,1063,2.35,2.95
2026-04-15,1064,9.5,10.5
2026-04-15,1065,9.5,11
2026-04-15,1067,4.9,5
2026-04-15,1069,12,13
2026-04-15,1071,2.3,2.5
2026-04-15,1073,2.2,2.3
2026-04-15,1076,1.14,1.2
2026-04-15,1077,0.74,0.8
2026-04-15,1078,1.45,1.55
2026-04-15,1079,5.5,5.8
2026-04-15,1080,0.74,0.8
2026-04-15,1081,0.9,1
2026-04-15,1082,0.7,0.8
2026-04-15,1083,1.15,1.25
2026-04-15,1084,0.9,1.05
2026-04-15,1086,0.8,0.95
2026-04-15,1087,1.1,1.3
2026-04-15,1088,0.98,1.05
2026-04-15,1089,1,1.15
2026-04-15,1090,1.1,1.2
2026-04-15,1091,1.3,1.4
2026-04-15,1092,1.3,1.5
2026-04-15,1095,1.4,1.7
2026-04-15,1096,1.4,1.8
2026-04-15,1098,1.1,1.9
2026-04-15,1099,5.5,5.8
2026-04-15,1100,0.9,0.95
2026-04-15,1103,5.5,6
2026-04-15,1105,5.2,5.8
2026-04-15,1108,5.8,6.1
2026-04-15,1109,7,7.5
2026-04-15,1113,4.3,4.8
2026-04-15,1115,4.1,4.25
2026-04-15,1116,1.45,1.6
2026-04-15,1117,1.15,1.25
2026-04-15,1120,1.4,1.6
2026-04-15,1121,1.4,1.6
2026-04-15,1126,3.3,3.5
2026-04-15,1127,0.8,1.1
2026-04-30,2,240,242
2026-04-30,4,222,223
2026-04-30,5,218,219
2026-04-30,7,290,291
2026-04-30,8,298,299
2026-04-30,10,224,225
2026-04-30,13,236.5,238.5
2026-04-30,14,226.5,227.5
2026-04-30,15,237,239
2026-04-30,16,231.5,235.5
2026-04-30,21,227,231
2026-04-30,23,480,485
2026-04-30,24,465,470
2026-04-30,25,414,416
2026-04-30,26,409,412
2026-04-30,27,750,765
2026-04-30,28,750,765
2026-04-30,29,750,765
2026-04-30,30,206.5,208.5
2026-04-30,31,210.5,212.5
2026-04-30,32,155.5,157.5
2026-04-30,33,225.5,227.5
2026-04-30,34,165.5,167.5
2026-04-30,35,222.5,224.5
2026-04-30,36,180.5,182.5
2026-04-30,37,166.5,167.5
2026-04-30,38,166.5,167.5
2026-04-30,39,395,397
2026-04-30,41,760,770
2026-04-30,42,206.5,208.5
2026-04-30,47,300,305
2026-04-30,48,310,315
2026-04-30,50,560,700
2026-04-30,51,410,485
2026-04-30,55,440,470
2026-04-30,56,185,195
2026-04-30,58,155,160
2026-04-30,63,110,120
2026-04-30,67,230,240
2026-04-30,71,140,145
2026-04-30,73,420.5,422.5
2026-04-30,75,423.5,426.5
2026-04-30,76,447.5,452.5
2026-04-30,77,444.5,451.5
2026-04-30,81,375,405
2026-04-30,86,1380,1390
2026-04-30,87,1190,1195
2026-04-30,88,1140,1145
2026-04-30,89,1750,1760
2026-04-30,92,1407.5,1412.5
2026-04-30,94,1370,1375
2026-04-30,95,1310,1315
2026-04-30,101,18,18.5
2026-04-30,102,18.5,19
2026-04-30,103,8.1,9
2026-04-30,104,4.05,4.15
2026-04-30,105,4.25,4.45
2026-04-30,106,3.7,3.8
2026-04-30,107,1.98,2.08
2026-04-30,112,295,297
2026-04-30,114,267,270
2026-04-30,115,235,240
2026-04-30,117,450,452
2026-04-30,118,419.5,421.5
2026-04-30,121,500,502
2026-04-30,122,429.5,430.5
2026-04-30,124,419.5,424.5
2026-04-30,127,260,265
2026-04-30,128,235,240
2026-04-30,129,180,180
2026-04-30,130,165,165
2026-04-30,131,1450,1480
2026-04-30,132,695,705
2026-04-30,133,670,675
2026-04-30,134,870,890
2026-04-30,176,7.5,8.5
2026-04-30,177,24,25
2026-04-30,181,7,7.1
2026-04-30,182,7.2,7.3
2026-04-30,183,7.05,7.25
2026-04-30,184,8.25,8.35
2026-04-30,185,9.1,9.2
2026-04-30,186,11.7,11.8
2026-04-30,187,297.5,307.5
2026-04-30,188,245,255
2026-04-30,189,120,130
2026-04-30,328,0.57,0.61
2026-04-30,329,0.21,0.25
2026-04-30,331,0.38,0.44
2026-04-30,333,3.4,3.5
2026-04-30,335,3.8,3.85
2026-04-30,341,3.85,3.89
2026-04-30,342,3.9,3.94
2026-04-30,344,23.2,23.2
2026-04-30,345,21.4,21.4
2026-04-30,346,20,20
2026-04-30,347,18,18
2026-04-30,350,3.9,4.2
2026-04-30,351,3.4,3.7
2026-04-30,352,5.9,6.1
2026-04-30,353,6.5,6.7
2026-04-30,356,2.75,2.95
2026-04-30,357,2.85,3.05
2026-04-30,358,5.9,6.2
2026-04-30,361,6.55,6.85
2026-04-30,362,7.45,7.75
2026-04-30,363,7.6,8
2026-04-30,364,3.1,3.4
2026-04-30,365,2.8,3
2026-04-30,366,9.3,9.7
2026-04-30,367,4.1,4.3
2026-04-30,368,2.7,2.8
2026-04-30,369,9.3,9.7
2026-04-30,370,4.1,4.3
2026-04-30,371,2.7,2.8
2026-04-30,372,6.5,6.8
2026-04-30,672,285,287
2026-04-30,674,1.5,1.54
2026-04-30,675,2.26,2.3
2026-04-30,676,3.4,3.7
2026-04-30,677,2.85,3.05
2026-04-30,678,3.75,3.95
2026-04-30,716,25.5,25.5
2026-04-30,717,23.7,23.7
2026-04-30,718,22.5,22.5
2026-04-30,719,19.5,19.5
2026-04-30,731,7.25,7.4
2026-04-30,732,9.3,9.4
2026-04-30,733,10.2,10.5
2026-04-30,734,11,11.1
2026-04-30,802,1650,1750
2026-04-30,803,1550,1650
2026-04-30,835,6.5,6.7
2026-04-30,836,7.05,7.35
2026-04-30,936,610,650
2026-04-30,938,232,237
2026-04-30,994,446.5,448.5
2026-04-30,996,2.8,3.2
2026-04-30,997,2.7,3.1
2026-04-30,1001,430,500
2026-04-30,1002,450,500
2026-04-30,1004,8.3,9
2026-04-30,1005,8.5,9.3
2026-04-30,1011,243.5,247.5
2026-04-30,1036,1.1,1.9
2026-04-30,1049,1.9,2
2026-04-30,1050,2,2.1
2026-04-30,1056,7.3,8
2026-04-30,1057,7.4,8.5
2026-04-30,1058,2.3,2.8
2026-04-30,1059,2.3,2.9
2026-04-30,1062,2.35,2.85
2026-04-30,1063,2.35,2.95
2026-04-30,1064,9.5,10.5
2026-04-30,1065,9.5,11
2026-04-30,1067,4.9,5
2026-04-30,1069,12,13
2026-04-30,1071,2.3,2.5
2026-04-30,1073,2.2,2.3
2026-04-30,1076,1.12,1.2
2026-04-30,1077,0.74,0.8
2026-04-30,1078,1.45,1.55
2026-04-30,1079,5.5,5.8
2026-04-30,1080,0.74,0.8
2026-04-30,1081,0.9,1
2026-04-30,1082,0.7,0.8
2026-04-30,1083,1.15,1.25
2026-04-30,1084,0.9,1.05
2026-04-30,1086,0.8,0.95
2026-04-30,1087,1.1,1.3
2026-04-30,1088,0.98,1.05
2026-04-30,1089,1,1.15
2026-04-30,1090,1.1,1.2
2026-04-30,1091,1.25,1.4
2026-04-30,1092,1.25,1.5
2026-04-30,1095,1.4,1.7
2026-04-30,1096,1.4,1.8
2026-04-30,1098,1.1,1.9
2026-04-30,1099,5.5,5.8
2026-04-30,1100,0.9,0.95
2026-04-30,1103,5.5,6
2026-04-30,1105,5.2,5.8
2026-04-30,1108,5.8,6.1
2026-04-30,1109,7,7.5
2026-04-30,1113,4.3,4.8
2026-04-30,1115,4.03,4.22
2026-04-30,1116,1.45,1.6
2026-04-30,1117,1.15,1.25
2026-04-30,1120,1.4,1.6
2026-04-30,1121,1.4,1.6
2026-04-30,1126,3.3,3.5
2026-04-30,1127,0.8,1.1
2026-05-15,2,240,242
2026-05-15,4,225,226
2026-05-15,5,219,220
2026-05-15,7,296,297
2026-05-15,8,303,304
2026-05-15,10,226.5,228.5
2026-05-15,13,241.5,243.5
2026-05-15,14,231.5,232.5
2026-05-15,15,246.5,248.5
2026-05-15,16,240,243
2026-05-15,21,225,231
2026-05-15,23,480,485
2026-05-15,24,465,470
2026-05-15,25,414,416
2026-05-15,26,409,412
2026-05-15,27,750,765
2026-05-15,28,750,765
2026-05-15,29,750,765
2026-05-15,30,196.5,198.5
2026-05-15,31,200.5,202.5
2026-05-15,32,145.5,147.5
2026-05-15,33,218,220
2026-05-15,34,158,160
2026-05-15,35,213.5,215.5
2026-05-15,36,171.5,173.5
2026-05-15,37,159,160
2026-05-15,38,159,160
2026-05-15,39,395,397
2026-05-15,41,760,770
2026-05-15,42,205,207
2026-05-15,47,300,305
2026-05-15,48,310,315
2026-05-15,50,570,710
2026-05-15,51,410,477.5
2026-05-15,55,440,470
2026-05-15,56,190,200
2026-05-15,58,165,170
2026-05-15,67,215,225
2026-05-15,71,140,145
2026-05-15,73,430,432
2026-05-15,75,433.5,436.5
2026-05-15,76,460,465
2026-05-15,77,456,463
2026-05-15,81,375,405
2026-05-15,86,1380,1390
2026-05-15,87,1230,1235
2026-05-15,88,1180,1185
2026-05-15,89,1750,1760
2026-05-15,90,1565,1570
2026-05-15,92,1425,1430
2026-05-15,94,1410,1415
2026-05-15,95,1350,1355
2026-05-15,101,18,18.5
2026-05-15,102,18.5,19
2026-05-15,103,7.9,9
2026-05-15,104,3.9,4.1
2026-05-15,105,4.1,4.4
2026-05-15,106,3.65,3.75
2026-05-15,107,1.9,2
2026-05-15,112,295,297
2026-05-15,114,270,275
2026-05-15,115,237.5,242.5
2026-05-15,117,457.5,459.5
2026-05-15,118,432.5,434.5
2026-05-15,121,507.5,509.5
2026-05-15,122,442.5,443.5
2026-05-15,124,437.5,442.5
2026-05-15,127,245,250
2026-05-15,128,220,225
2026-05-15,131,1470,1500
2026-05-15,132,682.5,692.5
2026-05-15,133,657.5,662.5
2026-05-15,134,845,865
2026-05-15,176,7.5,8.5
2026-05-15,177,25.5,26.5
2026-05-15,181,7,7.1
2026-05-15,182,7.2,7.3
2026-05-15,183,7.05,7.25
2026-05-15,184,8.25,8.35
2026-05-15,185,9.1,9.2
2026-05-15,186,11.7,11.8
2026-05-15,187,322.5,332.5
2026-05-15,188,240,250
2026-05-15,189,110,120
2026-05-15,328,0.56,0.6
2026-05-15,329,0.18,0.22
2026-05-15,331,0.34,0.4
2026-05-15,333,3.4,3.5
2026-05-15,335,3.8,3.85
2026-05-15,341,3.85,3.89
2026-05-15,342,3.9,3.94
2026-05-15,344,23.2,23.2
2026-05-15,345,21.4,21.4
2026-05-15,346,20,20
2026-05-15,347,18,18
2026-05-15,350,3.9,4.2
2026-05-15,351,3.4,3.7
2026-05-15,352,5.9,6.1
2026-05-15,353,6.5,6.7
2026-05-15,356,2.75,2.95
2026-05-15,357,2.8,3
2026-05-15,358,5.9,6.2
2026-05-15,361,6.55,6.85
2026-05-15,362,7.45,7.75
2026-05-15,363,7.65,8.05
2026-05-15,364,3.1,3.4
2026-05-15,365,2.8,3
2026-05-15,366,9.3,9.7
2026-05-15,367,4.1,4.3
2026-05-15,368,2.7,2.8
2026-05-15,369,9.3,9.7
2026-05-15,370,4.1,4.3
2026-05-15,371,2.7,2.8
2026-05-15,372,6.25,6.55
2026-05-15,672,285,287
2026-05-15,674,1.5,1.54
2026-05-15,675,2.26,2.3
2026-05-15,676,3.4,3.7
2026-05-15,677,2.8,3
2026-05-15,678,3.75,3.95
2026-05-15,716,25.5,25.5
2026-05-15,717,23.7,23.7
2026-05-15,718,22.5,22.5
2026-05-15,719,19.5,19.5
2026-05-15,731,7.25,7.4
2026-05-15,732,9.3,9.4
2026-05-15,733,10.2,10.5
2026-05-15,734,11,11.1
2026-05-15,802,1500,1600
2026-05-15,803,1400,1500
2026-05-15,835,6.5,6.7
2026-05-15,836,7.05,7.35
2026-05-15,936,625,665
2026-05-15,938,232,237
2026-05-15,994,461.5,463.5
2026-05-15,996,2.8,3.2
2026-05-15,997,2.7,3.1
2026-05-15,1001,420,490
2026-05-15,1002,440,490
2026-05-15,1004,8.3,9
2026-05-15,1005,8.5,9.3
2026-05-15,1011,248.5,251.5
2026-05-15,1036,1.1,1.9
2026-05-15,1049,1.9,2
2026-05-15,1050,2,2.1
2026-05-15,1056,7.3,8
2026-05-15,1057,7.4,8.5
2026-05-15,1058,2.3,2.8
2026-05-15,1059,2.3,2.9
2026-05-15,1062,2.35,2.85
2026-05-15,1063,2.35,2.95
2026-05-15,1064,9.5,10.5
2026-05-15,1065,9.5,11
2026-05-15,1067,4.9,5
2026-05-15,1069,12,13
2026-05-15,1071,2.3,2.5
2026-05-15,1073,2.2,2.3
2026-05-15,1076,1.1,1.2
2026-05-15,1077,0.74,0.8
2026-05-15,1078,1.45,1.55
2026-05-15,1079,5.5,5.8
2026-05-15,1080,0.74,0.8
2026-05-15,1081,0.9,1
2026-05-15,1082,0.7,0.8
2026-05-15,1083,1.15,1.25
2026-05-15,1084,0.9,1.05
2026-05-15,1086,0.8,0.95
2026-05-15,1087,1.1,1.3
2026-05-15,1088,0.98,1.05
2026-05-15,1089,1,1.15
2026-05-15,1090,1.1,1.2
2026-05-15,1091,1.2,1.4
2026-05-15,1092,1.2,1.5
2026-05-15,1095,1.4,1.7
2026-05-15,1096,1.4,1.8
2026-05-15,1098,1.1,1.9
2026-05-15,1099,5.5,5.8
2026-05-15,1100,0.9,0.95
2026-05-15,1103,5.5,6
2026-05-15,1105,5.2,5.8
2026-05-15,1108,5.8,6.1
2026-05-15,1109,7,7.5
2026-05-15,1113,4.3,4.8
2026-05-15,1115,3.95,4.2
2026-05-15,1116,1.45,1.6
2026-05-15,1117,1.15,1.25
2026-05-15,1120,1.4,1.6
2026-05-15,1121,1.4,1.6
2026-05-15,1126,3.3,3.5
2026-05-15,1127,0.8,1.1
2026-05-30,2,240,242
2026-05-30,4,226,227
2026-05-30,5,222,223
2026-05-30,7,305,306
2026-05-30,8,313,314
2026-05-30,10,228.5,231
2026-05-30,13,246.5,248.5
2026-05-30,14,235,236
2026-05-30,15,254,256
2026-05-30,16,239,241
2026-05-30,21,227,231
2026-05-30,23,480,485
2026-05-30,24,465,470
2026-05-30,25,414,416
2026-05-30,26,409,412
2026-05-30,27,750,765
2026-05-30,28,750,765
2026-05-30,29,750,765
2026-05-30,30,190.5,192.5
2026-05-30,31,194.5,196.5
2026-05-30,32,139.5,141.5
2026-05-30,33,216.5,218.5
2026-05-30,34,156.5,158.5
2026-05-30,35,210,212
2026-05-30,36,168,170
2026-05-30,37,155.5,156.5
2026-05-30,38,155.5,156.5
2026-05-30,39,395,397
2026-05-30,41,760,770
2026-05-30,42,205,207
2026-05-30,47,300,305
2026-05-30,48,310,315
2026-05-30,50,565,705
2026-05-30,51,400,460
2026-05-30,55,440,470
2026-05-30,56,190,200
2026-05-30,58,165,170
2026-05-30,61,100,110
2026-05-30,65,165,175
2026-05-30,67,210,220
2026-05-30,71,140,145
2026-05-30,73,430,432
2026-05-30,75,428,431
2026-05-30,76,457.5,462.5
2026-05-30,77,453.5,460.5
2026-05-30,81,375,405
2026-05-30,86,1395,1405
2026-05-30,87,1162.5,1167.5
2026-05-30,88,1112.5,1117.5
2026-05-30,89,1750,1760
2026-05-30,90,1555,1560
2026-05-30,92,1425,1430
2026-05-30,94,1342.5,1347.5
2026-05-30,95,1282.5,1287.5
2026-05-30,101,18,18.5
2026-05-30,102,18.5,19
2026-05-30,103,7.7,9
2026-05-30,104,3.85,4.1
2026-05-30,105,4,4.4
2026-05-30,106,3.6,3.75
2026-05-30,107,1.85,2
2026-05-30,112,295,297
2026-05-30,114,280,285
2026-05-30,115,240,245
2026-05-30,117,475,477
2026-05-30,118,460,462
2026-05-30,121,525,527
2026-05-30,122,470,471
2026-05-30,124,462.5,467.5
2026-05-30,131,1505,1535
2026-05-30,132,655,665
2026-05-30,133,630,635
2026-05-30,134,815,835
2026-05-30,176,7.5,8.5
2026-05-30,177,26,27
2026-05-30,181,7,7.1
2026-05-30,182,7.2,7.3
2026-05-30,183,7.05,7.25
2026-05-30,184,8.25,8.35
2026-05-30,185,9.1,9.2
2026-05-30,186,11.7,11.8
2026-05-30,187,347.5,362.5
2026-05-30,188,282.5,292.5
2026-05-30,189,140,150
2026-05-30,328,0.55,0.59
2026-05-30,329,0.16,0.2
2026-05-30,331,0.32,0.38
2026-05-30,333,3.4,3.5
2026-05-30,335,3.8,3.85
2026-05-30,341,3.85,3.89
2026-05-30,342,3.9,3.94
2026-05-30,344,23.2,23.2
2026-05-30,345,21.4,21.4
2026-05-30,346,20,20
2026-05-30,347,18,18
2026-05-30,350,4,4.3
2026-05-30,351,3.4,3.7
2026-05-30,352,5.9,6.1
2026-05-30,353,6.5,6.7
2026-05-30,356,2.75,2.95
2026-05-30,357,2.75,2.95
2026-05-30,358,5.9,6.2
2026-05-30,361,6.55,6.85
2026-05-30,362,7.45,7.75
2026-05-30,363,7.7,8.1
2026-05-30,364,3.1,3.4
2026-05-30,365,2.8,3
2026-05-30,366,9.3,9.7
2026-05-30,367,4.1,4.3
2026-05-30,368,2.7,2.8
2026-05-30,369,9.3,9.7
2026-05-30,370,4.1,4.3
2026-05-30,371,2.7,2.8
2026-05-30,372,6.25,6.55
2026-05-30,672,285,287
2026-05-30,674,1.5,1.54
2026-05-30,675,2.26,2.3
2026-05-30,676,3.4,3.7
2026-05-30,677,2.75,2.95
2026-05-30,678,3.75,3.95
2026-05-30,716,25.5,25.5
2026-05-30,717,23.7,23.7
2026-05-30,718,22.5,22.5
2026-05-30,719,19.5,19.5
2026-05-30,731,7.25,7.4
2026-05-30,732,9.3,9.4
2026-05-30,733,10.2,10.5
2026-05-30,734,11,11.1
2026-05-30,802,1700,1800
2026-05-30,803,1575,1675
2026-05-30,835,6.5,6.7
2026-05-30,836,7.05,7.35
2026-05-30,936,635,675
2026-05-30,938,232,237
2026-05-30,994,489,491
2026-05-30,996,2.8,3.2
2026-05-30,997,2.7,3.1
2026-05-30,1001,420,490
2026-05-30,1002,440,490
2026-05-30,1004,8.3,9
2026-05-30,1005,8.5,9.3
2026-05-30,1011,253,256
2026-05-30,1036,1.1,1.9
2026-05-30,1049,1.9,2
2026-05-30,1050,2,2.1
2026-05-30,1056,7.3,8
2026-05-30,1057,7.4,8.5
2026-05-30,1058,2.3,2.8
2026-05-30,1059,2.3,2.9
2026-05-30,1062,2.35,2.85
2026-05-30,1063,2.35,2.95
2026-05-30,1064,9.5,10.5
2026-05-30,1065,9.5,11
2026-05-30,1067,4.75,5
2026-05-30,1069,12,13
2026-05-30,1071,2.3,2.5
2026-05-30,1073,2.2,2.3
2026-05-30,1076,1.1,1.2
2026-05-30,1077,0.74,0.8
2026-05-30,1078,1.45,1.55
2026-05-30,1079,5.5,5.8
2026-05-30,1080,0.74,0.8
2026-05-30,1081,0.9,1
2026-05-30,1082,0.7,0.8
2026-05-30,1083,1.15,1.25
2026-05-30,1084,0.9,1.05
2026-05-30,1086,0.8,0.95
2026-05-30,1087,1.1,1.3
2026-05-30,1088,0.98,1.05
2026-05-30,1089,1,1.15
2026-05-30,1090,1.1,1.2
2026-05-30,1091,1.2,1.4
2026-05-30,1092,1.2,1.5
2026-05-30,1095,1.4,1.7
2026-05-30,1096,1.4,1.8
2026-05-30,1098,1.1,1.9
2026-05-30,1099,5.5,5.8
2026-05-30,1100,0.9,0.95
2026-05-30,1103,5.5,6
2026-05-30,1105,5.2,5.8
2026-05-30,1108,5.8,6.1
2026-05-30,1109,7,7.5
2026-05-30,1113,4.3,4.8
2026-05-30,1115,3.95,4.2
2026-05-30,1116,1.45,1.6
2026-05-30,1117,1.15,1.25
2026-05-30,1120,1.4,1.6
2026-05-30,1121,1.4,1.6
2026-05-30,1126,3.3,3.5
2026-05-30,1127,0.8,1.1
2026-06-15,2,236,238
2026-06-15,4,220,221
2026-06-15,5,216,217
2026-06-15,7,302.5,303.5
2026-06-15,8,321.5,322.5
2026-06-15,10,221,223
2026-06-15,13,241.5,243.5
2026-06-15,14,228.5,229.5
2026-06-15,15,245.5,247.5
2026-06-15,16,228,230
2026-06-15,19,185,188
2026-06-15,20,190,193
2026-06-15,23,472.5,477.5
2026-06-15,24,457.5,462.5
2026-06-15,25,406.5,409.5
2026-06-15,26,401.5,404.5
2026-06-15,27,750,765
2026-06-15,28,750,765
2026-06-15,29,750,765
2026-06-15,30,185.5,187.5
2026-06-15,31,189.5,191.5
2026-06-15,32,134.5,136.5
2026-06-15,33,213,215
2026-06-15,34,153,155
2026-06-15,35,208,210
2026-06-15,36,166,168
2026-06-15,37,154,155
2026-06-15,38,154,155
2026-06-15,39,393.5,395.5
2026-06-15,41,760,770
2026-06-15,42,205,207
2026-06-15,47,300,305
2026-06-15,48,310,315
2026-06-15,50,560,700
2026-06-15,51,400,460
2026-06-15,55,440,470
2026-06-15,56,190,200
2026-06-15,58,165,170
2026-06-15,61,100,110
2026-06-15,65,140,150
2026-06-15,68,50,54
2026-06-15,73,418.5,420.5
2026-06-15,75,417.5,420.5
2026-06-15,76,444.5,449.5
2026-06-15,77,442.5,449.5
2026-06-15,80,495,500
2026-06-15,81,375,405
2026-06-15,86,1410,1420
2026-06-15,87,1112.5,1117.5
2026-06-15,88,1062.5,1067.5
2026-06-15,89,1750,1760
2026-06-15,90,1555,1560
2026-06-15,92,1415,1420
2026-06-15,94,1292.5,1297.5
2026-06-15,95,1232.5,1237.5
2026-06-15,101,18,18.5
2026-06-15,102,18.5,19
2026-06-15,103,7.55,9
2026-06-15,104,3.8,4.1
2026-06-15,105,3.9,4.4
2026-06-15,106,3.6,3.75
2026-06-15,107,1.85,2
2026-06-15,112,295,297
2026-06-15,114,280,285
2026-06-15,115,243,245
2026-06-15,117,412.5,414.5
2026-06-15,118,377.5,379.5
2026-06-15,121,462.5,464.5
2026-06-15,122,387.5,388.5
2026-06-15,124,385,390
2026-06-15,131,1630,1660
2026-06-15,132,620,630
2026-06-15,133,595,600
2026-06-15,134,770,790
2026-06-15,176,7.5,8.5
2026-06-15,177,27,28
2026-06-15,181,7,7.1
2026-06-15,182,7.2,7.3
2026-06-15,183,7.05,7.25
2026-06-15,184,8.25,8.35
2026-06-15,185,9,9.1
2026-06-15,186,11.6,11.7
2026-06-15,187,402.5,432.5
2026-06-15,188,385,395
2026-06-15,189,200,220
2026-06-15,328,0.55,0.59
2026-06-15,329,0.15,0.19
2026-06-15,331,0.31,0.37
2026-06-15,333,3.4,3.5
2026-06-15,335,3.8,3.85
2026-06-15,341,3.85,3.89
2026-06-15,342,3.9,3.94
2026-06-15,344,23.2,23.2
2026-06-15,345,21.4,21.4
2026-06-15,346,20,20
2026-06-15,347,18,18
2026-06-15,350,4,4.3
2026-06-15,351,3.35,3.65
2026-06-15,352,5.9,6.1
2026-06-15,353,6.5,6.7
2026-06-15,356,2.75,2.95
2026-06-15,357,2.7,2.9
2026-06-15,358,5.9,6.2
2026-06-15,361,6.55,6.85
2026-06-15,362,7.45,7.75
2026-06-15,363,7.7,8.1
2026-06-15,364,3.05,3.35
2026-06-15,365,2.8,3
2026-06-15,366,9.3,9.7
2026-06-15,367,4.1,4.3
2026-06-15,368,2.7,2.8
2026-06-15,369,9.3,9.7
2026-06-15,370,4.1,4.3
2026-06-15,371,2.7,2.8
2026-06-15,372,6.25,6.55
2026-06-15,672,285,287
2026-06-15,674,1.48,1.52
2026-06-15,675,2.26,2.3
2026-06-15,676,3.35,3.65
2026-06-15,677,2.7,2.9
2026-06-15,678,3.75,3.95
2026-06-15,716,25.5,25.5
2026-06-15,717,23.7,23.7
2026-06-15,718,22.5,22.5
2026-06-15,719,19.5,19.5
2026-06-15,731,7.35,7.5
2026-06-15,732,9.4,9.5
2026-06-15,733,10.3,10.6
2026-06-15,734,11.1,11.2
2026-06-15,802,1750,1850
2026-06-15,803,1625,1725
2026-06-15,835,6.5,6.7
2026-06-15,836,7.05,7.35
2026-06-15,936,660,700
2026-06-15,938,228,233
2026-06-15,994,406.5,408.5
2026-06-15,996,2.8,3.2
2026-06-15,997,2.7,3.1
2026-06-15,1001,420,490
2026-06-15,1002,450,495
2026-06-15,1004,8.3,9
2026-06-15,1005,8.5,9.3
2026-06-15,1011,247.5,250.5
2026-06-15,1036,1.1,1.9
2026-06-15,1049,1.9,2
2026-06-15,1050,2,2.1
2026-06-15,1056,7.3,8
2026-06-15,1057,7.4,8.5
2026-06-15,1058,2.3,2.8
2026-06-15,1059,2.3,2.9
2026-06-15,1062,2.35,2.85
2026-06-15,1063,2.35,2.95
2026-06-15,1064,9.5,10.5
2026-06-15,1065,9.5,11
2026-06-15,1067,4.75,5
2026-06-15,1069,12,13
2026-06-15,1071,2.3,2.5
2026-06-15,1073,2.2,2.3
2026-06-15,1076,1.1,1.2
2026-06-15,1077,0.74,0.8
2026-06-15,1078,1.45,1.55
2026-06-15,1079,5.35,5.65
2026-06-15,1080,0.74,0.8
2026-06-15,1081,0.9,1
2026-06-15,1082,0.7,0.8
2026-06-15,1083,1.15,1.25
2026-06-15,1084,0.9,1.05
2026-06-15,1086,0.8,0.95
2026-06-15,1087,1.1,1.3
2026-06-15,1088,0.98,1.05
2026-06-15,1089,1,1.15
2026-06-15,1090,1.1,1.2
2026-06-15,1091,1.2,1.4
2026-06-15,1092,1.2,1.5
2026-06-15,1095,1.4,1.7
2026-06-15,1096,1.4,1.8
2026-06-15,1098,1.1,1.9
2026-06-15,1099,5.5,5.8
2026-06-15,1100,0.9,0.95
2026-06-15,1103,5.5,6
2026-06-15,1105,5.2,5.8
2026-06-15,1108,5.8,6.1
2026-06-15,1109,7,7.5
2026-06-15,1113,4.3,4.8
2026-06-15,1115,3.95,4.2
2026-06-15,1116,1.45,1.6
2026-06-15,1117,1.15,1.25
2026-06-15,1120,1.4,1.6
2026-06-15,1121,1.4,1.6
2026-06-15,1126,3.3,3.5
2026-06-15,1127,0.8,1.1
2026-06-30,2,228,232
2026-06-30,4,210,213
2026-06-30,5,205,207
2026-06-30,7,300,301
2026-06-30,8,316.5,317.5
2026-06-30,10,218,220
2026-06-30,13,240,242
2026-06-30,14,225,226
2026-06-30,15,243,245
2026-06-30,16,228,230
2026-06-30,19,185,188
2026-06-30,20,190,193
2026-06-30,21,205,210
2026-06-30,23,462.5,467.5
2026-06-30,24,447.5,452.5
2026-06-30,25,395.5,399.5
2026-06-30,26,391.5,394.5
2026-06-30,27,750,765
2026-06-30,28,750,765
2026-06-30,29,750,765
2026-06-30,30,164,166
2026-06-30,31,168,170
2026-06-30,32,113,115
2026-06-30,33,190.5,192.5
2026-06-30,34,130.5,132.5
2026-06-30,35,198,200
2026-06-30,36,156,158
2026-06-30,37,131.5,132.5
2026-06-30,38,131.5,132.5
2026-06-30,39,392,394
2026-06-30,41,760,770
2026-06-30,42,205,207
2026-06-30,47,297,302
2026-06-30,48,312.5,317.5
2026-06-30,50,560,700
2026-06-30,51,375,435
2026-06-30,53,1880,1880
2026-06-30,54,1575,1575
2026-06-30,55,440,470
2026-06-30,56,190,200
2026-06-30,58,165,170
2026-06-30,61,100,110
2026-06-30,65,145,155
2026-06-30,68,50,54
2026-06-30,69,57.5,62.5
2026-06-30,71,87.5,92.5
2026-06-30,73,418.5,420.5
2026-06-30,75,427.5,430.5
2026-06-30,77,450.5,457.5
2026-06-30,80,495,500
2026-06-30,81,375,405
2026-06-30,86,1420,1430
2026-06-30,87,1152.5,1157.5
2026-06-30,88,1102.5,1107.5
2026-06-30,89,1750,1760
2026-06-30,90,1547.5,1552.5
2026-06-30,92,1415,1420
2026-06-30,94,1332.5,1337.5
2026-06-30,95,1272.5,1277.5
2026-06-30,101,17.75,18.25
2026-06-30,102,18.5,19
2026-06-30,103,7.38,9
2026-06-30,104,3.73,4.1
2026-06-30,105,3.83,4.4
2026-06-30,106,3.58,3.75
2026-06-30,107,1.83,2
2026-06-30,110,500,525
2026-06-30,111,285,290
2026-06-30,114,280,282
2026-06-30,115,243,245
2026-06-30,117,408,410
2026-06-30,118,365,367
2026-06-30,121,458,460
2026-06-30,122,375,376
2026-06-30,124,370,375
2026-06-30,127,290,295
2026-06-30,128,270,275
2026-06-30,129,250,255
2026-06-30,131,1880,1910
2026-06-30,132,610,620
2026-06-30,133,585,590
2026-06-30,134,740,760
2026-06-30,176,7.5,8.5
2026-06-30,177,27,28
2026-06-30,181,7,7.1
2026-06-30,182,7.2,7.3
2026-06-30,183,7.05,7.25
2026-06-30,184,8.25,8.35
2026-06-30,185,9,9.1
2026-06-30,186,11.6,11.7
2026-06-30,187,430,445
2026-06-30,188,400,410
2026-06-30,189,210,230
2026-06-30,328,0.55,0.59
2026-06-30,329,0.12,0.16
2026-06-30,331,0.28,0.34
2026-06-30,333,3.4,3.5
2026-06-30,335,3.8,3.85
2026-06-30,341,3.85,3.89
2026-06-30,342,3.9,3.94
2026-06-30,344,23.15,23.15
2026-06-30,345,21.35,21.35
2026-06-30,346,19.95,19.95
2026-06-30,347,17.95,17.95
2026-06-30,350,4,4.3
2026-06-30,351,3.3,3.6
2026-06-30,352,5.9,6.1
2026-06-30,353,6.5,6.7
2026-06-30,356,2.75,2.95
2026-06-30,357,2.6,2.8
2026-06-30,358,5.9,6.2
2026-06-30,361,6.55,6.85
2026-06-30,362,7.45,7.75
2026-06-30,363,7.7,8.1
2026-06-30,364,3,3.3
2026-06-30,365,2.8,3
2026-06-30,366,9.3,9.7
2026-06-30,367,4.1,4.3
2026-06-30,368,2.7,2.8
2026-06-30,369,9.3,9.7
2026-06-30,370,4.1,4.3
2026-06-30,371,2.7,2.8
2026-06-30,372,6.1,6.4
2026-06-30,674,1.45,1.49
2026-06-30,675,2.26,2.3
2026-06-30,676,3.3,3.6
2026-06-30,677,2.6,2.8
2026-06-30,678,3.75,3.95
2026-06-30,716,25.45,25.45
2026-06-30,717,23.65,23.65
2026-06-30,718,22.45,22.45
2026-06-30,719,19.45,19.45
2026-06-30,731,7.47,7.62
2026-06-30,732,9.53,9.62
2026-06-30,733,10.38,10.68
2026-06-30,734,11.18,11.28
2026-06-30,802,1725,1825
2026-06-30,803,1625,1725
2026-06-30,835,6.5,6.7
2026-06-30,836,7.05,7.35
2026-06-30,936,660,700
2026-06-30,938,222,225
2026-06-30,994,394,396
2026-06-30,996,2.8,3.2
2026-06-30,997,2.7,3.1
2026-06-30,1001,445,490
2026-06-30,1002,460,500
2026-06-30,1004,8.3,9
2026-06-30,1005,8.5,9.3
2026-06-30,1011,246,249
2026-06-30,1036,1.1,1.9
2026-06-30,1049,1.9,2
2026-06-30,1050,2,2.1
2026-06-30,1055,2365,2365
2026-06-30,1056,7.3,8
2026-06-30,1057,7.4,8.5
2026-06-30,1058,2.3,2.8
2026-06-30,1059,2.3,2.9
2026-06-30,1062,2.35,2.85
2026-06-30,1063,2.35,2.95
2026-06-30,1064,9.5,10.5
2026-06-30,1065,9.5,11
2026-06-30,1067,4.75,5
2026-06-30,1069,12,13
2026-06-30,1071,2.3,2.5
2026-06-30,1073,2.2,2.3
2026-06-30,1076,1.1,1.2
2026-06-30,1077,0.74,0.8
2026-06-30,1078,1.45,1.55
2026-06-30,1079,5.2,5.5
2026-06-30,1080,0.74,0.8
2026-06-30,1081,0.9,1
2026-06-30,1082,0.7,0.8
2026-06-30,1083,1.15,1.25
2026-06-30,1084,0.9,1.05
2026-06-30,1086,0.8,0.95
2026-06-30,1087,1.1,1.3
2026-06-30,1088,0.98,1.05
2026-06-30,1089,1,1.15
2026-06-30,1090,1.1,1.2
2026-06-30,1091,1.2,1.4
2026-06-30,1092,1.2,1.5
2026-06-30,1095,1.4,1.7
2026-06-30,1096,1.4,1.8
2026-06-30,1098,1.1,1.9
2026-06-30,1099,5.5,5.8
2026-06-30,1100,0.9,0.95
2026-06-30,1103,5.5,6
2026-06-30,1105,5.2,5.8
2026-06-30,1108,5.8,6.1
2026-06-30,1109,7,7.5
2026-06-30,1113,4.3,4.8
2026-06-30,1115,3.95,4.2
2026-06-30,1116,1.45,1.6
2026-06-30,1117,1.15,1.25
2026-06-30,1120,1.4,1.6
2026-06-30,1121,1.4,1.6
2026-06-30,1126,3.3,3.5
2026-06-30,1127,0.8,1.1
2026-07-15,2,228,232
2026-07-15,4,210,213
2026-07-15,5,205,207
2026-07-15,7,302.5,303.5
2026-07-15,8,316.5,317.5
2026-07-15,10,216.5,220
2026-07-15,13,240,242
2026-07-15,14,225,226
2026-07-15,15,245.5,247.5
2026-07-15,16,231.5,233
2026-07-15,19,185,188
2026-07-15,20,190,193
2026-07-15,21,205,210
2026-07-15,23,455,460
2026-07-15,24,440,445
2026-07-15,25,388,392
2026-07-15,26,384,387
2026-07-15,27,750,765
2026-07-15,28,750,765
2026-07-15,29,750,765
2026-07-15,30,154.5,156.5
2026-07-15,31,158.5,160.5
2026-07-15,32,103.5,105.5
2026-07-15,33,176.5,178.5
2026-07-15,34,116.5,118.5
2026-07-15,35,198,200
2026-07-15,36,156,158
2026-07-15,37,122,123
2026-07-15,38,122,123
2026-07-15,39,392,394
2026-07-15,41,760,770
2026-07-15,42,205,207
2026-07-15,47,297,300
2026-07-15,48,315,320
2026-07-15,50,572.5,712.5
2026-07-15,51,350,410
2026-07-15,53,1905,1905
2026-07-15,54,1500,1500
2026-07-15,55,440,470
2026-07-15,56,190,200
2026-07-15,58,165,170
2026-07-15,63,130,140
2026-07-15,65,150,160
2026-07-15,67,180,190
2026-07-15,69,55,60
2026-07-15,71,85,90
2026-07-15,73,450,452
2026-07-15,75,455,458
2026-07-15,77,473,480
2026-07-15,80,495,500
2026-07-15,81,375,405
2026-07-15,86,1430,1435
2026-07-15,87,1190,1195
2026-07-15,88,1140,1145
2026-07-15,89,1750,1760
2026-07-15,90,1530,1535
2026-07-15,92,1415,1420
2026-07-15,94,1370,1375
2026-07-15,95,1310,1315
2026-07-15,101,17.5,18
2026-07-15,102,18.5,19
2026-07-15,103,7,8.75
2026-07-15,104,3.7,4.1
2026-07-15,105,3.8,4.4
2026-07-15,106,3.5,3.7
2026-07-15,107,1.75,1.95
2026-07-15,110,490,515
2026-07-15,111,285,290
2026-07-15,114,280,282
2026-07-15,115,243,245
2026-07-15,117,428.5,430.5
2026-07-15,118,375,377
2026-07-15,121,478.5,480.5
2026-07-15,122,385,386
2026-07-15,124,380,385
2026-07-15,127,300,305
2026-07-15,128,280,285
2026-07-15,129,250,255
2026-07-15,131,2255,2285
2026-07-15,132,610,620
2026-07-15,133,585,590
2026-07-15,134,730,750
2026-07-15,176,7.5,8.5
2026-07-15,177,27.45,28.45
2026-07-15,181,6.9,7
2026-07-15,182,7.1,7.2
2026-07-15,183,7.03,7.22
2026-07-15,184,8.22,8.32
2026-07-15,185,8.97,9.07
2026-07-15,186,11.57,11.68
2026-07-15,187,480,500
2026-07-15,188,450,470
2026-07-15,189,275,290
2026-07-15,328,0.55,0.59
2026-07-15,329,0.12,0.16
2026-07-15,331,0.28,0.34
2026-07-15,333,3.4,3.5
2026-07-15,335,3.8,3.85
2026-07-15,341,3.85,3.89
2026-07-15,342,3.9,3.94
2026-07-15,344,23.1,23.1
2026-07-15,345,21.3,21.3
2026-07-15,346,19.9,19.9
2026-07-15,347,17.9,17.9
2026-07-15,350,4,4.3
2026-07-15,351,3.3,3.6
2026-07-15,352,5.9,6.1
2026-07-15,353,6.5,6.7
2026-07-15,356,2.75,2.95
2026-07-15,357,2.6,2.8
2026-07-15,358,5.9,6.2
2026-07-15,361,6.55,6.85
2026-07-15,362,7.45,7.75
2026-07-15,363,7.8,8.2
2026-07-15,364,2.95,3.25
2026-07-15,365,2.8,3
2026-07-15,366,9.3,9.7
2026-07-15,367,4.1,4.3
2026-07-15,368,2.7,2.8
2026-07-15,369,9.3,9.7
2026-07-15,370,4.1,4.3
2026-07-15,371,2.7,2.8
2026-07-15,372,6.05,6.35
2026-07-15,674,1.45,1.49
2026-07-15,675,2.26,2.3
2026-07-15,676,3.3,3.6
2026-07-15,677,2.6,2.8
2026-07-15,678,3.75,3.95
2026-07-15,716,25.4,25.4
2026-07-15,717,23.6,23.6
2026-07-15,718,22.4,22.4
2026-07-15,719,19.4,19.4
2026-07-15,731,7.57,7.72
2026-07-15,732,9.62,9.72
2026-07-15,733,10.45,10.75
2026-07-15,734,11.25,11.35
2026-07-15,802,1825,1925
2026-07-15,803,1725,1825
2026-07-15,835,6.5,6.7
2026-07-15,836,7.05,7.35
2026-07-15,936,660,700
2026-07-15,938,222,225
2026-07-15,994,404,406
2026-07-15,996,2.8,3.2
2026-07-15,997,2.7,3.1
2026-07-15,1001,450,490
2026-07-15,1002,460,500
2026-07-15,1004,8.3,9
2026-07-15,1005,8.5,9.3
2026-07-15,1011,246,249
2026-07-15,1049,1.9,2
2026-07-15,1050,2,2.1
2026-07-15,1055,2290,2290
2026-07-15,1056,7.3,8
2026-07-15,1057,7.4,8.5
2026-07-15,1058,2.3,2.8
2026-07-15,1059,2.3,2.9
2026-07-15,1062,2.35,2.85
2026-07-15,1063,2.35,2.95
2026-07-15,1064,9.5,10.5
2026-07-15,1065,9.5,11
2026-07-15,1067,4.62,5
2026-07-15,1069,12,13
2026-07-15,1071,2.3,2.5
2026-07-15,1073,2.2,2.3
2026-07-15,1078,1.45,1.55
2026-07-15,1079,5.2,5.5
2026-07-15,1080,0.74,0.8
2026-07-15,1081,0.9,1
2026-07-15,1082,0.7,0.8
2026-07-15,1083,1.15,1.25
2026-07-15,1084,0.9,1.05
2026-07-15,1086,0.8,0.95
2026-07-15,1087,1.1,1.3
2026-07-15,1088,0.98,1.05
2026-07-15,1089,1,1.15
2026-07-15,1090,1.1,1.2
2026-07-15,1091,1.2,1.4
2026-07-15,1092,1.2,1.5
2026-07-15,1095,1.4,1.7
2026-07-15,1096,1.4,1.8
2026-07-15,1098,1.1,1.9
2026-07-15,1099,5.5,5.8
2026-07-15,1100,0.9,0.95
2026-07-15,1103,5.5,6
2026-07-15,1105,5.2,5.8
2026-07-15,1108,5.8,6.1
2026-07-15,1109,7,7.5
2026-07-15,1113,4.3,4.8
2026-07-15,1115,3.95,4.2
2026-07-15,1116,1.45,1.6
2026-07-15,1117,1.15,1.25
2026-07-15,1120,1.4,1.6
2026-07-15,1121,1.4,1.6
2026-07-15,1126,3.3,3.5
2026-07-15,1127,0.8,1.1
2026-07-30,2,235,239
2026-07-30,4,217,220
2026-07-30,5,212,214
2026-07-30,7,312.5,313.5
2026-07-30,8,321.5,322.5
2026-07-30,10,225,227
2026-07-30,13,250,252
2026-07-30,14,236,237
2026-07-30,15,260,262
2026-07-30,16,246.5,250
2026-07-30,19,195,198
2026-07-30,20,200,203
2026-07-30,21,215,220
2026-07-30,23,455,460
2026-07-30,24,440,445
2026-07-30,25,388,392
2026-07-30,26,384,387
2026-07-30,27,750,765
2026-07-30,28,750,765
2026-07-30,29,750,765
2026-07-30,30,154.5,156.5
2026-07-30,31,158.5,160.5
2026-07-30,32,103.5,105.5
2026-07-30,33,176.5,178.5
2026-07-30,34,116.5,118.5
2026-07-30,35,202.5,204.5
2026-07-30,36,160.5,162.5
2026-07-30,37,126.5,127.5
2026-07-30,38,126.5,127.5
2026-07-30,39,395,397
2026-07-30,41,760,770
2026-07-30,42,205,207
2026-07-30,47,295,298
2026-07-30,48,315,320
2026-07-30,50,660,800
2026-07-30,51,350,410
2026-07-30,53,2080,2080
2026-07-30,54,1500,1500
2026-07-30,55,440,470
2026-07-30,56,190,200
2026-07-30,58,165,170
2026-07-30,63,130,140
2026-07-30,65,150,160
2026-07-30,67,180,190
2026-07-30,69,55,60
2026-07-30,71,85,90
2026-07-30,73,470,472
2026-07-30,75,472,475
2026-07-30,77,490,497
2026-07-30,80,510,515
2026-07-30,81,375,405
2026-07-30,86,1435,1440
2026-07-30,87,1205,1210
2026-07-30,88,1155,1160
2026-07-30,89,1750,1760
2026-07-30,90,1540,1545
2026-07-30,92,1465,1470
2026-07-30,94,1385,1390
2026-07-30,95,1325,1330
2026-07-30,101,17,18
2026-07-30,102,18,19
2026-07-30,103,6.8,8.75
2026-07-30,104,3.7,4.1
2026-07-30,105,3.8,4.4
2026-07-30,106,3.5,3.6
2026-07-30,107,1.7,1.9
2026-07-30,110,490,515
2026-07-30,111,280,285
2026-07-30,114,280,282
2026-07-30,115,233,235
2026-07-30,117,443.5,445.5
2026-07-30,118,377.5,379.5
2026-07-30,121,488.5,490.5
2026-07-30,122,387.5,388.5
2026-07-30,124,377.5,382.5
2026-07-30,127,300,305
2026-07-30,128,280,285
2026-07-30,129,250,255
2026-07-30,131,2480,2510
2026-07-30,132,610,620
2026-07-30,133,585,590
2026-07-30,134,720,740
2026-07-30,176,7.5,8.5
2026-07-30,177,28,29
2026-07-30,181,6.9,7
2026-07-30,182,7.1,7.2
2026-07-30,183,6.95,7.15
2026-07-30,184,8.15,8.25
2026-07-30,185,8.95,9.05
2026-07-30,186,11.55,11.65
2026-07-30,187,485,500
2026-07-30,188,445,465
2026-07-30,189,287.5,307.5
2026-07-30,328,0.55,0.59
2026-07-30,329,0.12,0.16
2026-07-30,331,0.28,0.34
2026-07-30,333,3.4,3.5
2026-07-30,335,3.8,3.85
2026-07-30,341,3.85,3.89
2026-07-30,342,3.9,3.94
2026-07-30,344,23,23
2026-07-30,345,21.2,21.2
2026-07-30,346,19.8,19.8
2026-07-30,347,17.8,17.8
2026-07-30,350,4,4.3
2026-07-30,351,3.33,3.62
2026-07-30,352,5.9,6.1
2026-07-30,353,6.5,6.7
2026-07-30,356,2.75,2.95
2026-07-30,357,2.6,2.8
2026-07-30,358,5.9,6.2
2026-07-30,361,6.55,6.85
2026-07-30,362,7.45,7.75
2026-07-30,363,7.95,8.35
2026-07-30,364,2.9,3.2
2026-07-30,365,2.8,3
2026-07-30,366,9.3,9.7
2026-07-30,367,4.1,4.3
2026-07-30,368,2.7,2.8
2026-07-30,369,9.3,9.7
2026-07-30,370,4.1,4.3
2026-07-30,371,2.7,2.8
2026-07-30,372,6.05,6.35
2026-07-30,674,1.46,1.5
2026-07-30,675,2.26,2.3
2026-07-30,676,3.33,3.62
2026-07-30,677,2.6,2.8
2026-07-30,678,3.75,3.95
2026-07-30,716,25.3,25.3
2026-07-30,717,23.5,23.5
2026-07-30,718,22.3,22.3
2026-07-30,719,19.3,19.3
2026-07-30,731,7.72,7.88
2026-07-30,732,9.78,9.88
2026-07-30,733,10.45,10.75
2026-07-30,734,11.25,11.35
2026-07-30,802,1850,1950
2026-07-30,803,1750,1850
2026-07-30,835,6.5,6.7
2026-07-30,836,7.05,7.35
2026-07-30,936,660,700
2026-07-30,938,229,232
2026-07-30,994,402.5,404.5
2026-07-30,996,2.8,3.2
2026-07-30,997,2.7,3.1
2026-07-30,1001,460,500
2026-07-30,1002,470,520
2026-07-30,1004,8.3,9
2026-07-30,1005,8.5,9.3
2026-07-30,1006,50,60
2026-07-30,1011,256,259
2026-07-30,1049,1.9,2
2026-07-30,1050,2,2.1
2026-07-30,1055,2290,2290
2026-07-30,1056,7.3,8
2026-07-30,1057,7.4,8.5
2026-07-30,1058,2.3,2.8
2026-07-30,1059,2.3,2.9
2026-07-30,1062,2.35,2.85
2026-07-30,1063,2.35,2.95
2026-07-30,1064,9.5,10.5
2026-07-30,1065,9.5,11
2026-07-30,1067,4.5,5
2026-07-30,1069,12,13
2026-07-30,1071,2.3,2.5
2026-07-30,1073,2.2,2.3
2026-07-30,1078,1.45,1.55
2026-07-30,1079,5.2,5.5
2026-07-30,1080,0.74,0.8
2026-07-30,1081,0.9,1
2026-07-30,1082,0.7,0.8
2026-07-30,1083,1.15,1.25
2026-07-30,1084,0.9,1.05
2026-07-30,1086,0.8,0.95
2026-07-30,1087,1.1,1.3
2026-07-30,1088,0.98,1.05
2026-07-30,1089,1,1.15
2026-07-30,1090,1.1,1.2
2026-07-30,1091,1.2,1.4
2026-07-30,1092,1.2,1.5
2026-07-30,1095,1.4,1.7
2026-07-30,1096,1.4,1.8
2026-07-30,1098,1.1,1.9
2026-07-30,1099,5.5,5.8
2026-07-30,1100,0.9,0.95
2026-07-30,1103,5.5,6
2026-07-30,1105,5.2,5.8
2026-07-30,1108,5.8,6.1
2026-07-30,1109,7,7.5
2026-07-30,1113,4.3,4.8
2026-07-30,1115,3.95,4.2
2026-07-30,1116,1.45,1.6
2026-07-30,1117,1.15,1.25
2026-07-30,1120,1.4,1.6
2026-07-30,1121,1.4,1.6
2026-07-30,1126,3.3,3.5
2026-07-30,1127,0.8,1.1
2026-08-30,2,241.5,245.5
2026-08-30,3,3,3
2026-08-30,4,228.5,231.5
2026-08-30,5,223.5,225.5
2026-08-30,7,332.5,333.5
2026-08-30,8,341.5,342.5
2026-08-30,10,234.5,236.5
2026-08-30,11,177.5,186
2026-08-30,13,256.5,258.5
2026-08-30,14,235.5,236.5
2026-08-30,15,263,265
2026-08-30,16,254.5,258.5
2026-08-30,19,200,203
2026-08-30,20,205,208
2026-08-30,21,220,225
2026-08-30,23,457.5,462.5
2026-08-30,24,442.5,447.5
2026-08-30,25,390.5,394.5
2026-08-30,26,386.5,389.5
2026-08-30,27,750,765
2026-08-30,28,750,765
2026-08-30,29,750,765
2026-08-30,30,174,176
2026-08-30,31,178,180
2026-08-30,32,123,125
2026-08-30,33,198,200
2026-08-30,34,138,140
2026-08-30,35,223,225
2026-08-30,36,181,183
2026-08-30,37,150,151
2026-08-30,38,150,151
2026-08-30,39,398.5,400.5
2026-08-30,41,760,770
2026-08-30,42,206.5,208.5
2026-08-30,47,295,298
2026-08-30,48,320,325
2026-08-30,51,350,410
2026-08-30,53,2080,2080
2026-08-30,54,1500,1500
2026-08-30,55,440,470
2026-08-30,56,210,220
2026-08-30,58,165,170
2026-08-30,63,142.5,152.5
2026-08-30,65,175,185
2026-08-30,67,205,215
2026-08-30,71,100,105
2026-08-30,75,466,469
2026-08-30,77,486,493
2026-08-30,80,522.5,527.5
2026-08-30,81,362.5,395
2026-08-30,86,1430,1435
2026-08-30,87,1160,1165
2026-08-30,88,1110,1115
2026-08-30,89,1790,1800
2026-08-30,90,1540,1545
2026-08-30,92,1485,1490
2026-08-30,94,1340,1345
2026-08-30,95,1280,1285
2026-08-30,101,17,18
2026-08-30,102,18,19
2026-08-30,103,6.8,8.75
2026-08-30,104,3.7,4.1
2026-08-30,105,3.8,4.4
2026-08-30,106,3.5,3.6
2026-08-30,107,1.7,1.9
2026-08-30,110,480,505
2026-08-30,111,300,305
2026-08-30,114,287.5,289.5
2026-08-30,115,228,230
2026-08-30,117,473.5,475.5
2026-08-30,118,384.5,386.5
2026-08-30,121,522.5,524.5
2026-08-30,122,395,396
2026-08-30,124,378.5,390
2026-08-30,127,325,330
2026-08-30,128,305,310
2026-08-30,129,270,275
2026-08-30,131,2755,2785
2026-08-30,132,610,620
2026-08-30,133,585,590
2026-08-30,134,710,730
2026-08-30,176,7.5,8.5
2026-08-30,177,28,29
2026-08-30,181,6.9,7
2026-08-30,182,7.1,7.2
2026-08-30,183,6.95,7.15
2026-08-30,184,8.15,8.25
2026-08-30,185,8.95,9.05
2026-08-30,186,11.55,11.65
2026-08-30,187,460,480
2026-08-30,188,460,480
2026-08-30,189,325,342.5
2026-08-30,328,0.55,0.59
2026-08-30,329,0.12,0.16
2026-08-30,331,0.28,0.34
2026-08-30,333,3.4,3.5
2026-08-30,335,3.8,3.85
2026-08-30,341,3.85,3.89
2026-08-30,342,3.9,3.94
2026-08-30,344,23,23
2026-08-30,345,21.2,21.2
2026-08-30,346,19.8,19.8
2026-08-30,347,17.8,17.8
2026-08-30,350,4,4.3
2026-08-30,351,3.35,3.65
2026-08-30,352,5.9,6.1
2026-08-30,353,6.5,6.7
2026-08-30,356,2.75,2.95
2026-08-30,357,2.6,2.8
2026-08-30,358,5.9,6.2
2026-08-30,361,6.55,6.85
2026-08-30,362,7.45,7.75
2026-08-30,363,8,8.4
2026-08-30,364,2.9,3.2
2026-08-30,365,2.8,3
2026-08-30,366,9.3,9.7
2026-08-30,367,4.1,4.3
2026-08-30,368,2.7,2.8
2026-08-30,369,9.3,9.7
2026-08-30,370,4.1,4.3
2026-08-30,371,2.7,2.8
2026-08-30,372,6.05,6.35
2026-08-30,625,0.45,0.5
2026-08-30,626,0.5,0.6
2026-08-30,627,0.5,60
2026-08-30,628,1.45,1.6
2026-08-30,629,1.45,1.65
2026-08-30,634,0.72,0.78
2026-08-30,635,1.5,1.65
2026-08-30,637,0.38,0.43
2026-08-30,674,1.47,1.51
2026-08-30,675,2.26,2.3
2026-08-30,676,3.35,3.65
2026-08-30,677,2.6,2.8
2026-08-30,678,3.75,3.95
2026-08-30,716,25.3,25.3
2026-08-30,717,23.5,23.5
2026-08-30,718,22.3,22.3
2026-08-30,719,19.3,19.3
2026-08-30,723,0.5,0.56
2026-08-30,725,0.38,0.45
2026-08-30,726,0.5,0.56
2026-08-30,731,7.85,8
2026-08-30,732,9.9,10
2026-08-30,733,10.45,10.75
2026-08-30,734,11.25,11.35
2026-08-30,802,2025,2125
2026-08-30,803,1925,2025
2026-08-30,835,6.5,6.7
2026-08-30,836,7.05,7.35
2026-08-30,936,660,700
2026-08-30,938,235.5,238.5
2026-08-30,994,409.5,411.5
2026-08-30,996,2.8,3.2
2026-08-30,997,2.7,3.1
2026-08-30,1001,460,500
2026-08-30,1002,470,520
2026-08-30,1004,8.3,9
2026-08-30,1005,8.5,9.3
2026-08-30,1007,42,47
2026-08-30,1011,264,267
2026-08-30,1049,1.9,2
2026-08-30,1050,2,2.1
2026-08-30,1055,2290,2290
2026-08-30,1056,7.3,8
2026-08-30,1057,7.4,8.5
2026-08-30,1058,2.3,2.8
2026-08-30,1059,2.3,2.9
2026-08-30,1062,2.35,2.85
2026-08-30,1063,2.35,2.95
2026-08-30,1064,9.5,10.5
2026-08-30,1065,9.5,11
2026-08-30,1067,4.5,5
2026-08-30,1069,12,13
2026-08-30,1071,2.3,2.5
2026-08-30,1073,2.2,2.3
2026-08-30,1078,1.45,1.55
2026-08-30,1079,5.2,5.5
2026-08-30,1080,0.74,0.8
2026-08-30,1081,0.9,1
2026-08-30,1082,0.7,0.8
2026-08-30,1083,1.15,1.25
2026-08-30,1084,0.9,1.05
2026-08-30,1086,0.8,0.95
2026-08-30,1087,1.1,1.3
2026-08-30,1088,0.98,1.05
2026-08-30,1089,1,1.15
2026-08-30,1090,1.1,1.2
2026-08-30,1091,1.2,1.4
2026-08-30,1092,1.2,1.5
2026-08-30,1095,1.4,1.7
2026-08-30,1096,1.4,1.8
2026-08-30,1098,1.1,1.9
2026-08-30,1099,5.5,5.8
2026-08-30,1100,0.9,0.95
2026-08-30,1103,5.5,6
2026-08-30,1105,5.2,5.8
2026-08-30,1108,5.8,6.1
2026-08-30,1109,7,7.5
2026-08-30,1110,0.6,0.65
2026-08-30,1111,0.6,0.7
2026-08-30,1113,4.3,4.8
2026-08-30,1115,3.95,4.2
2026-08-30,1116,1.45,1.6
2026-08-30,1117,1.15,1.25
2026-08-30,1120,1.4,1.6
2026-08-30,1121,1.4,1.6
2026-08-30,1126,3.3,3.5
2026-08-30,1127,0.8,1.1
2026-08-30,1128,1.05,1.1
2026-08-30,1129,5,5.2
2026-09-15,2,258.5,262.5
2026-09-15,4,241.5,244.5
2026-09-15,5,236.5,238.5
2026-09-15,7,341,342
2026-09-15,8,349,350
2026-09-15,10,244,246.5
2026-09-15,11,195,205
2026-09-15,13,275.5,277.5
2026-09-15,14,258.5,259.5
2026-09-15,15,283,285
2026-09-15,16,275,277
2026-09-15,19,212.5,215.5
2026-09-15,20,217.5,220.5
2026-09-15,21,234,239
2026-09-15,23,480,485
2026-09-15,24,465,470
2026-09-15,25,408,412
2026-09-15,26,404,407
2026-09-15,27,770,785
2026-09-15,28,770,785
2026-09-15,29,770,785
2026-09-15,30,179,181
2026-09-15,31,183,185
2026-09-15,32,128,130
2026-09-15,33,203,205
2026-09-15,34,143,145
2026-09-15,35,226,228
2026-09-15,36,184,186
2026-09-15,37,158,159
2026-09-15,38,158,159
2026-09-15,39,411.5,413.5
2026-09-15,41,770,780
2026-09-15,42,216.5,220
2026-09-15,47,307,310
2026-09-15,48,320,325
2026-09-15,53,2080,2080
2026-09-15,54,1500,1500
2026-09-15,55,440,470
2026-09-15,56,210,220
2026-09-15,58,165,170
2026-09-15,63,157.5,167.5
2026-09-15,65,190,200
2026-09-15,67,220,230
2026-09-15,71,110,115
2026-09-15,75,500,503
2026-09-15,77,520,530
2026-09-15,78,520,525
2026-09-15,80,527.5,532.5
2026-09-15,81,362.5,397.5
2026-09-15,86,1440,1445
2026-09-15,87,1197.5,1202.5
2026-09-15,88,1147.5,1152.5
2026-09-15,89,1820,1830
2026-09-15,90,1540,1545
2026-09-15,92,1470,1475
2026-09-15,94,1377.5,1382.5
2026-09-15,95,1317.5,1322.5
2026-09-15,101,17,18
2026-09-15,102,18,19
2026-09-15,103,6.62,8.57
2026-09-15,104,3.52,3.92
2026-09-15,105,3.73,4.32
2026-09-15,106,3.45,3.55
2026-09-15,107,1.7,1.9
2026-09-15,110,485,510
2026-09-15,111,317.5,322.5
2026-09-15,114,298.5,300.5
2026-09-15,115,225,227
2026-09-15,117,518,520
2026-09-15,118,423,425
2026-09-15,121,567,569
2026-09-15,122,434,435
2026-09-15,124,423.5,428
2026-09-15,127,335,340
2026-09-15,128,315,320
2026-09-15,129,280,285
2026-09-15,131,3080,3110
2026-09-15,132,1067.5,1077.5
2026-09-15,133,1042.5,1047.5
2026-09-15,134,1057.5,1077.5
2026-09-15,176,7.5,8.5
2026-09-15,177,30,31
2026-09-15,181,6.9,7
2026-09-15,182,7.1,7.2
2026-09-15,183,6.95,7.15
2026-09-15,184,8.15,8.25
2026-09-15,185,8.95,9.05
2026-09-15,186,11.55,11.65
2026-09-15,187,450,485
2026-09-15,188,470,500
2026-09-15,189,315,335
2026-09-15,328,0.55,0.59
2026-09-15,329,0.15,0.19
2026-09-15,331,0.3,0.36
2026-09-15,333,3.4,3.5
2026-09-15,335,3.85,3.9
2026-09-15,341,3.88,3.92
2026-09-15,342,3.92,3.96
2026-09-15,344,23.15,23.15
2026-09-15,345,21.35,21.35
2026-09-15,346,19.95,19.95
2026-09-15,347,17.95,17.95
2026-09-15,350,4,4.3
2026-09-15,351,3.48,3.77
2026-09-15,352,5.95,6.15
2026-09-15,353,6.55,6.75
2026-09-15,356,2.75,2.95
2026-09-15,357,2.6,2.8
2026-09-15,358,6,6.3
2026-09-15,361,6.55,6.85
2026-09-15,362,7.45,7.75
2026-09-15,363,8.2,8.6
2026-09-15,364,3.02,3.33
2026-09-15,365,2.8,3
2026-09-15,366,9.3,9.7
2026-09-15,367,4.1,4.3
2026-09-15,368,2.7,2.8
2026-09-15,369,9.3,9.7
2026-09-15,370,4.1,4.3
2026-09-15,371,2.7,2.8
2026-09-15,372,6.45,6.75
2026-09-15,623,0.4,0.5
2026-09-15,624,0.4,0.5
2026-09-15,625,0.45,0.5
2026-09-15,626,0.5,0.6
2026-09-15,627,0.5,0.6
2026-09-15,628,1.45,1.6
2026-09-15,629,1.45,1.65
2026-09-15,630,0.4,0.45
2026-09-15,631,0.55,0.65
2026-09-15,634,0.72,0.78
2026-09-15,635,1.52,1.65
2026-09-15,637,0.38,0.43
2026-09-15,640,0.4,0.45
2026-09-15,641,0.25,0.3
2026-09-15,642,0.25,0.3
2026-09-15,643,0.23,0.27
2026-09-15,672,302.5,307.5
2026-09-15,674,1.54,1.58
2026-09-15,675,2.26,2.3
2026-09-15,676,3.48,3.77
2026-09-15,677,2.6,2.8
2026-09-15,678,3.75,3.95
2026-09-15,716,25.45,25.45
2026-09-15,717,23.65,23.65
2026-09-15,718,22.45,22.45
2026-09-15,719,19.45,19.45
2026-09-15,722,0.3,0.42
2026-09-15,723,0.5,0.56
2026-09-15,724,0.3,0.42
2026-09-15,725,0.38,0.45
2026-09-15,726,0.5,0.56
2026-09-15,727,175,180
2026-09-15,731,7.85,8
2026-09-15,732,9.9,10
2026-09-15,733,10.45,10.75
2026-09-15,734,11.25,11.35
2026-09-15,802,2150,2250
2026-09-15,803,2050,2150
2026-09-15,835,6.55,6.75
2026-09-15,836,7.15,7.45
2026-09-15,885,0.7,0.8
2026-09-15,886,0.65,0.75
2026-09-15,887,0.6,0.7
2026-09-15,936,655,695
2026-09-15,938,252.5,255.5
2026-09-15,994,448,450
2026-09-15,996,2.8,3.2
2026-09-15,997,2.7,3.1
2026-09-15,1001,465,495
2026-09-15,1002,490,540
2026-09-15,1004,8.3,9
2026-09-15,1005,8.5,9.3
2026-09-15,1007,42,47
2026-09-15,1011,287.5,290.5
2026-09-15,1055,2290,2290
2026-09-15,1056,7.3,8
2026-09-15,1057,7.4,8.5
2026-09-15,1058,2.3,2.8
2026-09-15,1059,2.3,2.9
2026-09-15,1062,2.35,2.85
2026-09-15,1063,2.35,2.95
2026-09-15,1064,9.5,10.5
2026-09-15,1065,9.5,11
2026-09-15,1067,4.5,5
2026-09-15,1069,12,13
2026-09-15,1071,2.3,2.5
2026-09-15,1073,2.2,2.3
2026-09-15,1078,1.45,1.55
2026-09-15,1079,5.2,5.5
2026-09-15,1080,0.74,0.8
2026-09-15,1081,0.9,1
2026-09-15,1082,0.7,0.8
2026-09-15,1083,1.15,1.25
2026-09-15,1084,0.9,1.05
2026-09-15,1086,0.8,0.95
2026-09-15,1087,1.1,1.3
2026-09-15,1088,0.98,1.05
2026-09-15,1089,1,1.15
2026-09-15,1090,1.1,1.2
2026-09-15,1091,0.95,1.35
2026-09-15,1092,0.95,1.45
2026-09-15,1095,1.4,1.7
2026-09-15,1096,1.4,1.8
2026-09-15,1098,1.1,1.9
2026-09-15,1099,5.5,5.8
2026-09-15,1100,0.9,0.95
2026-09-15,1103,5.5,6
2026-09-15,1105,5.2,5.8
2026-09-15,1108,5.8,6.1
2026-09-15,1109,7,7.5
2026-09-15,1110,0.6,0.65
2026-09-15,1111,0.6,0.7
2026-09-15,1113,4.3,4.8
2026-09-15,1114,0.3,0.42
2026-09-15,1115,3.95,4.2
2026-09-15,1116,1.45,1.6
2026-09-15,1117,1.15,1.25
2026-09-15,1120,1.4,1.6
2026-09-15,1121,1.4,1.6
2026-09-15,1126,3.3,3.5
2026-09-15,1127,0.8,1.1
2026-09-15,1128,1.05,1.15
2026-09-15,1129,5,5.2
2026-09-15,1130,0.7,0.85
2026-09-15,1134,1.08,1.15
2026-09-30,2,264.5,267.5
2026-09-30,4,247,248
2026-09-30,5,240,242
2026-09-30,7,352.5,353.5
2026-09-30,8,356.5,357.5
2026-09-30,10,251.5,253.5
2026-09-30,13,278,280
2026-09-30,14,260,261
2026-09-30,15,280,285
2026-09-30,16,270,275
2026-09-30,19,215,218
2026-09-30,20,220,223
2026-09-30,21,235,240
2026-09-30,23,487.5,492.5
2026-09-30,24,472.5,477.5
2026-09-30,25,415.5,419.5
2026-09-30,26,411.5,414.5
2026-09-30,27,785,800
2026-09-30,28,785,800
2026-09-30,29,785,800
2026-09-30,30,186.5,188.5
2026-09-30,31,190.5,192.5
2026-09-30,32,135.5,137.5
2026-09-30,33,210.5,212.5
2026-09-30,34,150.5,152.5
2026-09-30,35,226,228
2026-09-30,36,184,186
2026-09-30,37,160.5,161.5
2026-09-30,38,160.5,161.5
2026-09-30,39,413,415
2026-09-30,41,795,805
2026-09-30,42,215,220
2026-09-30,47,323.5,326.5
2026-09-30,48,320,325
2026-09-30,53,2080,2080
2026-09-30,54,1500,1500
2026-09-30,55,450,480
2026-09-30,56,230,240
2026-09-30,58,175,180
2026-09-30,63,165,175
2026-09-30,67,225,235
2026-09-30,71,110,115
2026-09-30,73,503,505
2026-09-30,75,499,502.5
2026-09-30,77,519,532.5
2026-09-30,78,530,535
2026-09-30,80,537.5,542.5
2026-09-30,81,365,400
2026-09-30,86,1460,1465
2026-09-30,87,1172.5,1177.5
2026-09-30,88,1122.5,1127.5
2026-09-30,89,1830,1840
2026-09-30,90,1535,1540
2026-09-30,92,1475,1480
2026-09-30,94,1352.5,1357.5
2026-09-30,95,1292.5,1297.5
2026-09-30,103,6.53,8.5
2026-09-30,104,3.42,3.83
2026-09-30,105,3.62,4.25
2026-09-30,106,3.35,3.45
2026-09-30,107,1.65,1.85
2026-09-30,110,485,510
2026-09-30,114,307.5,309.5
2026-09-30,115,225,227
2026-09-30,117,537.5,539.5
2026-09-30,118,443,445
2026-09-30,119,5,5
2026-09-30,120,10,10
2026-09-30,121,586.5,588.5
2026-09-30,122,454,455
2026-09-30,124,446,453.5
2026-09-30,127,335,340
2026-09-30,128,315,320
2026-09-30,129,280,285
2026-09-30,131,3080,3110
2026-09-30,132,1082.5,1092.5
2026-09-30,133,1057.5,1062.5
2026-09-30,134,1072.5,1092.5
2026-09-30,176,7.5,8.5
2026-09-30,177,30,31
2026-09-30,181,6.9,7
2026-09-30,182,7.1,7.2
2026-09-30,183,6.95,7.15
2026-09-30,184,8.15,8.25
2026-09-30,185,8.95,9.05
2026-09-30,186,11.55,11.65
2026-09-30,187,457.5,480
2026-09-30,188,460,490
2026-09-30,189,300,320
2026-09-30,328,0.55,0.59
2026-09-30,329,0.15,0.19
2026-09-30,331,0.3,0.36
2026-09-30,333,3.42,3.52
2026-09-30,335,3.85,3.9
2026-09-30,341,3.9,3.94
2026-09-30,342,3.95,3.99
2026-09-30,344,23.2,23.2
2026-09-30,345,21.4,21.4
2026-09-30,346,20,20
2026-09-30,347,18,18
2026-09-30,350,4,4.3
2026-09-30,351,3.5,3.8
2026-09-30,352,6,6.2
2026-09-30,353,6.6,6.8
2026-09-30,356,2.75,2.95
2026-09-30,357,2.6,2.8
2026-09-30,358,6,6.3
2026-09-30,361,6.6,6.9
2026-09-30,362,7.5,7.8
2026-09-30,363,8.25,8.65
2026-09-30,364,3.05,3.35
2026-09-30,365,2.8,3
2026-09-30,366,9.3,9.7
2026-09-30,367,4.1,4.3
2026-09-30,368,2.7,2.8
2026-09-30,369,9.3,9.7
2026-09-30,370,4.1,4.3
2026-09-30,371,2.7,2.8
2026-09-30,372,6.88,7.17
2026-09-30,623,0.4,0.5
2026-09-30,624,0.4,0.5
2026-09-30,625,0.45,0.5
2026-09-30,626,0.5,0.6
2026-09-30,627,0.5,0.6
2026-09-30,628,1.45,1.6
2026-09-30,629,1.45,1.65
2026-09-30,630,0.4,0.45
2026-09-30,631,0.55,0.65
2026-09-30,634,0.72,0.78
2026-09-30,635,1.55,1.65
2026-09-30,637,0.38,0.43
2026-09-30,640,0.4,0.45
2026-09-30,641,0.25,0.3
2026-09-30,642,0.25,0.3
2026-09-30,643,0.23,0.27
2026-09-30,674,1.55,1.59
2026-09-30,675,2.26,2.3
2026-09-30,676,3.5,3.8
2026-09-30,677,2.6,2.8
2026-09-30,678,3.75,3.95
2026-09-30,716,25.5,25.5
2026-09-30,717,23.7,23.7
2026-09-30,718,22.5,22.5
2026-09-30,719,19.5,19.5
2026-09-30,722,0.3,0.42
2026-09-30,723,0.5,0.56
2026-09-30,724,0.3,0.42
2026-09-30,725,0.38,0.45
2026-09-30,726,0.5,0.56
2026-09-30,727,175,180
2026-09-30,731,7.85,8
2026-09-30,732,9.9,10
2026-09-30,733,10.45,10.75
2026-09-30,734,11.25,11.35
2026-09-30,802,2125,2225
2026-09-30,803,2075,2175
2026-09-30,835,6.6,6.8
2026-09-30,836,7.15,7.45
2026-09-30,885,0.7,0.8
2026-09-30,886,0.65,0.75
2026-09-30,887,0.6,0.7
2026-09-30,936,650,690
2026-09-30,938,257.5,260.5
2026-09-30,976,0.7,1
2026-09-30,977,1.7,2
2026-09-30,994,468,470
2026-09-30,996,2.8,3.2
2026-09-30,997,2.7,3.1
2026-09-30,1001,470,490
2026-09-30,1002,490,540
2026-09-30,1004,8.3,9
2026-09-30,1005,8.5,9.3
2026-09-30,1011,290,293
2026-09-30,1055,2290,2290
2026-09-30,1056,7.3,8
2026-09-30,1057,7.4,8.5
2026-09-30,1058,2.3,2.8
2026-09-30,1059,2.3,2.9
2026-09-30,1062,2.35,2.85
2026-09-30,1063,2.35,2.95
2026-09-30,1064,9.5,10.5
2026-09-30,1065,9.5,11
2026-09-30,1067,4.4,4.75
2026-09-30,1071,2.3,2.5
2026-09-30,1073,2.2,2.3
2026-09-30,1078,1.45,1.55
2026-09-30,1084,0.9,1.05
2026-09-30,1086,0.8,0.95
2026-09-30,1087,1.1,1.3
2026-09-30,1088,0.98,1.05
2026-09-30,1089,1,1.15
2026-09-30,1090,1.1,1.2
2026-09-30,1091,0.95,1.35
2026-09-30,1092,0.95,1.45
2026-09-30,1095,1.4,1.7
2026-09-30,1096,1.4,1.8
2026-09-30,1098,1.1,1.9
2026-09-30,1099,5.5,5.8
2026-09-30,1100,0.9,0.95
2026-09-30,1103,5.5,6
2026-09-30,1105,5.2,5.8
2026-09-30,1108,5.8,6.1
2026-09-30,1109,7,7.5
2026-09-30,1110,0.6,0.65
2026-09-30,1111,0.6,0.7
2026-09-30,1114,0.3,0.42
2026-09-30,1115,3.95,4.2
2026-09-30,1116,1.45,1.6
2026-09-30,1117,1.15,1.25
2026-09-30,1120,1.4,1.6
2026-09-30,1121,1.4,1.6
2026-09-30,1126,3.3,3.5
2026-09-30,1127,0.8,1.1
2026-09-30,1128,1.05,1.15
2026-09-30,1129,5,5.2
2026-09-30,1130,0.7,0.85
2026-09-30,1134,1.08,1.15
2026-09-30,1149,4.6,4.8
