code,series
1,FRUMENTO TENERO di produzione nazionale > n. 1 - speciali di forza
2,FRUMENTO TENERO di produzione nazionale > n. 2 - speciali
3,FRUMENTO TENERO di produzione nazionale > n. 3 - fino
4,FRUMENTO TENERO di produzione nazionale > n. 4 - buono mercantile
5,FRUMENTO TENERO di produzione nazionale > n. 5 - mercantile
394,FRUMENTO TENERO di produzione nazionale > n. 1 - speciali di forza
395,FRUMENTO TENERO di produzione nazionale > n. 2 - speciali
396,FRUMENTO TENERO di produzione nazionale > n. 3 - fino
409,FRUMENTO TENERO di produzione nazionale > n. 1 - speciali di forza
410,FRUMENTO TENERO di produzione nazionale > n. 2 - speciali
411,FRUMENTO TENERO di produzione nazionale > n. 4 - buono mercantile
412,FRUMENTO TENERO di produzione nazionale > n. 5 - mercantile
427,FRUMENTO TENERO di produzione nazionale > n. 1 - speciali di forza
428,FRUMENTO TENERO di produzione nazionale > n. 2 - speciali
429,FRUMENTO TENERO di produzione nazionale > n. 3 - fino
652,FRUMENTO TENERO di produzione nazionale > n. 3 - fino
653,FRUMENTO TENERO di produzione nazionale > n. 4 - buono mercantile
654,FRUMENTO TENERO di produzione nazionale > n. 5 - mercantile
660,FRUMENTO TENERO di produzione nazionale > n. 1 - speciali di forza
661,FRUMENTO TENERO di produzione nazionale > n. 2 - speciali
662,FRUMENTO TENERO di produzione nazionale > n. 3 - fino
667,FRUMENTO TENERO di produzione nazionale > n. 1 - speciali di forza
668,FRUMENTO TENERO di produzione nazionale > n. 2 - speciali
669,FRUMENTO TENERO di produzione nazionale > n. 3 - fino
670,FRUMENTO TENERO di produzione nazionale > n. 4 - buono mercantile
925,FRUMENTO TENERO di produzione nazionale > n. 1 - speciali di forza
926,FRUMENTO TENERO di produzione nazionale > n. 2 - speciali
927,FRUMENTO TENERO di produzione nazionale > n. 3 - fino
928,FRUMENTO TENERO di produzione nazionale > n. 4 - buono mercantile
929,FRUMENTO TENERO di produzione nazionale > n. 5 - mercantile
945,"FRUMENTO DURO di produzione nazionale, centro-sud > fino"
947,"FRUMENTO DURO di produzione nazionale, centro-sud > mercantile"
1116,"FRUMENTO DURO di produzione nazionale, nord > fino"
1117,"FRUMENTO DURO di produzione nazionale, nord > buono mercantile"
1118,"FRUMENTO DURO di produzione nazionale, nord > mercantile"
1119,"FRUMENTO DURO di produzione nazionale, centro-sud > fino"
1121,"FRUMENTO DURO di produzione nazionale, centro-sud > mercantile"
1136,FRUMENTO TENERO di produzione nazionale > n. 1 - speciali di forza
1137,FRUMENTO TENERO di produzione nazionale > n. 2 - speciali
1138,FRUMENTO TENERO di produzione nazionale > n. 3 - fino
1139,"FRUMENTO DURO di produzione nazionale, nord > fino"
1140,"FRUMENTO DURO di produzione nazionale, nord > buono mercantile"
1141,"FRUMENTO DURO di produzione nazionale, nord > mercantile"
1143,"FRUMENTO DURO di produzione nazionale, centro-sud > fino"
1144,"FRUMENTO DURO di produzione nazionale, centro-sud > buono mercantile"
1173,"FRUMENTO DURO di produzione nazionale, centro > fino"
1174,"FRUMENTO DURO di produzione nazionale, centro > buono mercantile"
1175,"FRUMENTO DURO di produzione nazionale, centro > mercantile"
1333,FRUMENTO TENERO di produzione nazionale > n. 3 - fino
1334,FRUMENTO TENERO di produzione nazionale > n. 1 - speciali di forza
1335,FRUMENTO TENERO di produzione nazionale > n. 2 - speciali
1336,FRUMENTO TENERO di produzione nazionale > n. 3 - fino
1337,FRUMENTO TENERO di produzione nazionale > n. 4 - buono mercantile
1338,FRUMENTO TENERO di produzione nazionale > n. 5 - mercantile
1339,"FRUMENTO DURO di produzione nazionale, nord > fino"
1340,"FRUMENTO DURO di produzione nazionale, nord > buono mercantile"
1341,"FRUMENTO DURO di produzione nazionale, nord > mercantile"
1343,"FRUMENTO DURO di produzione nazionale, centro > fino"
1344,"FRUMENTO DURO di produzione nazionale, centro > buono mercantile"
1345,"FRUMENTO DURO di produzione nazionale, centro > mercantile"
1352,FRUMENTO TENERO di produzione nazionale > n. 1 - speciali di forza
1353,FRUMENTO TENERO di produzione nazionale > n. 2 - speciali
1354,"FRUMENTO DURO di produzione nazionale, nord > fino"
1355,"FRUMENTO DURO di produzione nazionale, nord > buono mercantile"
1356,"FRUMENTO DURO di produzione nazionale, nord > mercantile"
1357,"FRUMENTO DURO di produzione nazionale, centro > fino"
1358,"FRUMENTO DURO di produzione nazionale, centro > buono mercantile"
1359,"FRUMENTO DURO di produzione nazionale, centro > mercantile"
1363,"FRUMENTO DURO di produzione nazionale, centro > buono mercantile"
1364,"FRUMENTO DURO di produzione nazionale, centro > mercantile"
1522,"FRUMENTO DURO di produzione nazionale, nord > buono mercantile"
1527,"FRUMENTO DURO di produzione nazionale, centro > buono mercantile"
1551,FRUMENTO TENERO di produzione nazionale > n. 1 - speciali di forza
1552,FRUMENTO TENERO di produzione nazionale > n. 2 - speciali
1553,FRUMENTO TENERO di produzione nazionale > n. 3 - fino
1558,FRUMENTO TENERO di produzione nazionale > n. 1 - speciali di forza
1559,"FRUMENTO DURO di produzione nazionale, nord > fino"
1560,"FRUMENTO DURO di produzione nazionale, nord > buono mercantile"
1561,"FRUMENTO DURO di produzione nazionale, nord > mercantile"
1562,"FRUMENTO DURO di produzione nazionale, centro > fino"
1563,"FRUMENTO DURO di produzione nazionale, centro > buono mercantile"
1564,"FRUMENTO DURO di produzione nazionale, centro > mercantile"
1755,"FRUMENTO DURO di produzione nazionale, nord > fino"
1756,"FRUMENTO DURO di produzione nazionale, nord > buono mercantile"
1757,"FRUMENTO DURO di produzione nazionale, nord > mercantile"
1758,"FRUMENTO DURO di produzione nazionale, centro > fino"
1759,"FRUMENTO DURO di produzione nazionale, centro > buono mercantile"
1760,"FRUMENTO DURO di produzione nazionale, centro > mercantile"
1871,"FRUMENTO DURO di produzione nazionale, nord > fino"
1872,"FRUMENTO DURO di produzione nazionale, nord > buono mercantile"
1873,"FRUMENTO DURO di produzione nazionale, nord > mercantile"
1874,"FRUMENTO DURO di produzione nazionale, centro > fino"
1875,"FRUMENTO DURO di produzione nazionale, centro > buono mercantile"
1876,"FRUMENTO DURO di produzione nazionale, centro > mercantile"
2157,"FRUMENTO DURO di produzione nazionale, centro > fino"
2158,"FRUMENTO DURO di produzione nazionale, centro > buono mercantile"
2443,FRUMENTO TENERO di produzione nazionale > n. 1 - speciali di forza
2444,FRUMENTO TENERO di produzione nazionale > n. 3 - fino
2445,"FRUMENTO DURO di produzione nazionale, nord > fino"
2446,"FRUMENTO DURO di produzione nazionale, centro > fino"
2619,FRUMENTO TENERO di produzione nazionale > n. 1 - speciali di forza
2620,FRUMENTO TENERO di produzione nazionale > n. 2 - speciali
2621,FRUMENTO TENERO di produzione nazionale > n. 3 - fino
2622,FRUMENTO TENERO di produzione nazionale > n. 4 - buono mercantile
2623,FRUMENTO TENERO di produzione nazionale > n. 5 - mercantile
2624,"FRUMENTO DURO di produzione nazionale, nord > fino"
2625,"FRUMENTO DURO di produzione nazionale, nord > buono mercantile"
2626,"FRUMENTO DURO di produzione nazionale, nord > mercantile"
2627,"FRUMENTO DURO di produzione nazionale, nord > sotto mercantile"
2628,"FRUMENTO DURO di produzione nazionale, centro > fino"
2629,"FRUMENTO DURO di produzione nazionale, centro > buono mercantile"
2630,"FRUMENTO DURO di produzione nazionale, centro > mercantile"
2631,"FRUMENTO DURO di produzione nazionale, centro > sotto mercantile"
2637,"FRUMENTO DURO di produzione nazionale, nord > mercantile"
2638,"FRUMENTO DURO di produzione nazionale, centro > mercantile"
2724,"FRUMENTO DURO di produzione nazionale, centro > fino"
2725,"FRUMENTO DURO di produzione nazionale, centro > buono mercantile"
2726,"FRUMENTO DURO di produzione nazionale, centro > mercantile"
2727,"FRUMENTO DURO di produzione nazionale, centro > sotto mercantile"
2974,FRUMENTO TENERO di produzione nazionale > n. 1 - speciali di forza
2975,FRUMENTO TENERO di produzione nazionale > n. 4 - buono mercantile
2976,"FRUMENTO DURO di produzione nazionale, nord > fino"
2977,"FRUMENTO DURO di produzione nazionale, nord > buono mercantile"
2978,"FRUMENTO DURO di produzione nazionale, nord > mercantile"
2979,"FRUMENTO DURO di produzione nazionale, nord > sotto mercantile"
2980,"FRUMENTO DURO di produzione nazionale, centro > fino"
2981,"FRUMENTO DURO di produzione nazionale, centro > buono mercantile"
2982,"FRUMENTO DURO di produzione nazionale, centro > mercantile"
2983,"FRUMENTO DURO di produzione nazionale, centro > sotto mercantile"
2985,"FRUMENTO DURO di produzione nazionale, nord > sotto mercantile"
2986,"FRUMENTO DURO di produzione nazionale, centro > fino"
2987,"FRUMENTO DURO di produzione nazionale, centro > buono mercantile"
2988,"FRUMENTO DURO di produzione nazionale, centro > mercantile"
2989,"FRUMENTO DURO di produzione nazionale, centro > sotto mercantile"
2995,"FRUMENTO DURO di produzione nazionale, centro > sotto mercantile"
2999,"FRUMENTO DURO di produzione nazionale, centro > sotto mercantile"
3007,"FRUMENTO DURO di produzione nazionale, nord > buono mercantile"
3008,"FRUMENTO DURO di produzione nazionale, nord > sotto mercantile"
3009,"FRUMENTO DURO di produzione nazionale, centro > sotto mercantile"
3074,FRUMENTO TENERO di produzione nazionale > n. 1 - speciali di forza
3075,FRUMENTO TENERO di produzione nazionale > n. 2 - speciali
3076,FRUMENTO TENERO di produzione nazionale > n. 3 - fino
3077,FRUMENTO TENERO di produzione nazionale > n. 4 - buono mercantile
3078,"FRUMENTO DURO di produzione nazionale, nord > fino"
3079,"FRUMENTO DURO di produzione nazionale, nord > buono mercantile"
3080,"FRUMENTO DURO di produzione nazionale, nord > mercantile"
3081,"FRUMENTO DURO di produzione nazionale, centro > fino"
3082,"FRUMENTO DURO di produzione nazionale, centro > buono mercantile"
3083,"FRUMENTO DURO di produzione nazionale, centro > mercantile"
3087,"FRUMENTO DURO di produzione nazionale, centro > fino"
3088,"FRUMENTO DURO di produzione nazionale, centro > buono mercantile"
3089,"FRUMENTO DURO di produzione nazionale, centro > mercantile"
3284,FRUMENTO TENERO di produzione nazionale > n. 1 - speciali di forza
3285,FRUMENTO TENERO di produzione nazionale > n. 2 - speciali
