source,reason
anno-2013__n. 15 - 11 aprile 2013.pdf,testo del PDF illeggibile (encoding): la settimana si recupera dal listino successivo
anno-2013__n. 17 - 24 aprile 2013.pdf,testo del PDF illeggibile (encoding): la settimana si recupera dal listino successivo
anno-2013__n. 41 - 24 ottobre 2013.pdf,testo del PDF illeggibile (encoding): la settimana si recupera dal listino successivo
anno-2014__n. 37 - 25 settembre 2014.pdf,testo del PDF illeggibile (encoding): la settimana si recupera dal listino successivo
anno-2014__n. 38 - 2 ottobre 2014.pdf,testo del PDF illeggibile (encoding): la settimana si recupera dal listino successivo
anno-2014__n.-28-10-luglio-2014.pdf,testo del PDF illeggibile (encoding): la settimana si recupera dal listino successivo
anno-2014__n.-31-31-luglio-2014.pdf,testo del PDF illeggibile (encoding): la settimana si recupera dal listino successivo
anno-2014__n.-34-4-settembre-2014.pdf,testo del PDF illeggibile (encoding): la settimana si recupera dal listino successivo
anno-2014__n.-35-del-11-settembre-2014.pdf,testo del PDF illeggibile (encoding): la settimana si recupera dal listino successivo
anno-2014__n.-36-18-settembre-2014.pdf,testo del PDF illeggibile (encoding): la settimana si recupera dal listino successivo
